,Happiness Rank,Happiness Score,Economy (GDP per Capita),Social Support,Health (Life Expectancy),Freedom to make life choices,Lack of Corruption,Donations to Charity,clusters,cluster
0,153.0,3.575,0.32,0.303,0.303,0.234,0.097,0.365,0,pink
1,154.0,3.36,0.382,0.11,0.173,0.164,0.071,0.313,0,pink
2,141.0,3.794,0.401,0.582,0.181,0.106,0.312,0.061,0,pink
3,145.0,3.632,0.332,0.537,0.255,0.085,0.191,0.036,0,pink
4,154.0,3.203,0.35,0.517,0.361,0.0,0.158,0.025,0,pink
5,95.0,4.959,0.879,0.804,0.813,0.357,0.064,0.143,2,dark purple
6,109.0,4.655,0.955,0.502,0.73,0.319,0.053,0.168,0,pink
7,109.0,4.644,0.996,0.804,0.731,0.381,0.201,0.04,0,pink
8,112.0,4.586,0.916,0.817,0.79,0.419,0.149,0.032,0,pink
9,107.0,4.719,0.947,0.848,0.874,0.383,0.178,0.027,0,pink
10,68.0,5.605,0.939,1.078,0.618,0.286,0.174,0.078,2,dark purple
11,38.0,6.355,1.053,0.833,0.618,0.21,0.162,0.07,1,purple
12,53.0,5.872,1.092,1.146,0.618,0.233,0.069,0.146,2,dark purple
13,84.0,5.295,0.979,1.154,0.687,0.077,0.055,0.135,2,dark purple
14,88.0,5.211,1.002,1.16,0.785,0.086,0.073,0.114,2,dark purple
15,137.0,4.033,0.758,0.86,0.167,0.104,0.071,0.123,0,pink
16,141.0,3.866,0.847,0.664,0.05,0.006,0.084,0.121,0,pink
17,140.0,3.795,0.858,1.104,0.05,0.0,0.098,0.07,0,pink
18,142.0,3.795,0.73,1.125,0.269,0.0,0.079,0.061,0,pink
19,0.0,5.323,0.9825,1.1265,0.6505,0.431,0.155,0.127,1,purple
20,30.0,6.574,1.054,1.248,0.787,0.45,0.085,0.115,1,purple
21,26.0,6.65,1.151,1.066,0.697,0.423,0.073,0.11,1,purple
22,24.0,6.599,1.185,1.44,0.695,0.495,0.109,0.06,1,purple
23,29.0,6.388,1.073,1.468,0.744,0.57,0.062,0.054,1,purple
24,47.0,6.086,1.092,1.432,0.881,0.471,0.066,0.05,1,purple
25,127.0,4.35,0.768,0.777,0.73,0.198,0.039,0.079,0,pink
26,121.0,4.36,0.861,0.625,0.641,0.14,0.036,0.078,0,pink
27,121.0,4.376,0.901,1.007,0.638,0.198,0.083,0.027,0,pink
28,129.0,4.321,0.816,0.99,0.666,0.26,0.077,0.028,0,pink
29,116.0,4.559,0.85,1.055,0.815,0.283,0.095,0.064,0,pink
30,10.0,7.284,1.334,1.309,0.932,0.651,0.356,0.436,1,purple
31,9.0,7.313,1.444,1.105,0.851,0.568,0.323,0.474,1,purple
32,10.0,7.284,1.484,1.51,0.844,0.602,0.478,0.301,1,purple
33,10.0,7.272,1.34,1.573,0.91,0.647,0.361,0.302,1,purple
34,11.0,7.228,1.372,1.548,1.036,0.557,0.332,0.29,1,purple
35,13.0,7.2,1.337,1.297,0.89,0.624,0.187,0.331,1,purple
36,12.0,7.119,1.45,1.084,0.806,0.544,0.213,0.329,1,purple
37,13.0,7.006,1.487,1.46,0.815,0.568,0.316,0.221,1,purple
38,12.0,7.139,1.341,1.504,0.891,0.617,0.242,0.224,1,purple
39,10.0,7.246,1.376,1.475,1.016,0.532,0.244,0.226,1,purple
40,80.0,5.212,1.024,0.938,0.64,0.37,0.161,0.078,2,dark purple
41,81.0,5.291,1.124,0.76,0.545,0.353,0.179,0.056,2,dark purple
42,85.0,5.234,1.154,1.152,0.541,0.398,0.045,0.181,2,dark purple
43,87.0,5.201,1.024,1.161,0.603,0.43,0.031,0.176,2,dark purple
44,90.0,5.208,1.043,1.147,0.769,0.351,0.035,0.182,2,dark purple
45,49.0,5.96,1.324,1.216,0.747,0.455,0.306,0.174,1,purple
46,42.0,6.218,1.44,0.944,0.657,0.474,0.258,0.171,1,purple
47,41.0,6.087,1.488,1.323,0.653,0.537,0.173,0.257,1,purple
48,43.0,6.105,1.338,1.366,0.698,0.594,0.243,0.123,1,purple
49,37.0,6.199,1.362,1.368,0.871,0.536,0.255,0.11,1,purple
50,109.0,4.694,0.398,0.431,0.602,0.408,0.126,0.212,0,pink
51,110.0,4.643,0.542,0.247,0.53,0.398,0.126,0.191,0,pink
52,110.0,4.608,0.587,0.735,0.533,0.478,0.172,0.124,0,pink
53,115.0,4.5,0.532,0.85,0.579,0.58,0.153,0.144,0,pink
54,125.0,4.456,0.562,0.928,0.723,0.527,0.166,0.143,0,pink
55,59.0,5.813,1.032,1.233,0.736,0.379,0.191,0.11,2,dark purple
56,61.0,5.802,1.131,1.05,0.631,0.291,0.175,0.139,2,dark purple
57,67.0,5.569,1.157,1.445,0.638,0.295,0.155,0.156,2,dark purple
58,73.0,5.483,1.039,1.498,0.7,0.307,0.101,0.154,2,dark purple
59,81.0,5.323,1.067,1.465,0.789,0.235,0.094,0.142,2,dark purple
60,19.0,6.937,1.308,1.286,0.897,0.585,0.225,0.223,1,purple
61,18.0,6.929,1.425,1.052,0.82,0.514,0.262,0.242,1,purple
62,17.0,6.891,1.464,1.462,0.818,0.54,0.232,0.251,1,purple
63,16.0,6.927,1.324,1.483,0.894,0.583,0.188,0.24,1,purple
64,18.0,6.923,1.356,1.504,0.986,0.473,0.16,0.21,1,purple
65,0.0,5.323,0.9825,1.1265,0.6505,0.431,0.155,0.127,1,purple
66,52.0,5.956,0.876,0.687,0.456,0.512,0.108,0.237,2,dark purple
67,50.0,5.956,0.908,1.081,0.45,0.548,0.24,0.097,1,purple
68,49.0,5.956,0.807,1.101,0.474,0.593,0.183,0.089,1,purple
69,0.0,5.323,0.9825,1.1265,0.6505,0.431,0.155,0.127,1,purple
70,155.0,3.34,0.287,0.354,0.319,0.485,0.08,0.183,0,pink
71,153.0,3.484,0.395,0.104,0.21,0.397,0.067,0.202,0,pink
72,143.0,3.657,0.431,0.435,0.21,0.426,0.208,0.061,0,pink
73,136.0,4.141,0.378,0.372,0.24,0.44,0.163,0.067,0,pink
74,102.0,4.883,0.393,0.437,0.397,0.349,0.175,0.082,2,dark purple
75,79.0,5.253,0.77,1.104,0.574,0.532,0.154,0.48,2,dark purple
76,84.0,5.196,0.853,0.908,0.498,0.461,0.162,0.485,2,dark purple
77,97.0,5.011,0.885,1.34,0.496,0.502,0.474,0.173,2,dark purple
78,97.0,5.082,0.796,1.335,0.527,0.541,0.364,0.171,2,dark purple
79,95.0,5.082,0.813,1.321,0.604,0.457,0.37,0.167,2,dark purple
80,51.0,5.89,0.681,0.978,0.539,0.574,0.088,0.205,1,purple
81,59.0,5.822,0.794,0.838,0.47,0.51,0.077,0.217,2,dark purple
82,58.0,5.823,0.834,1.228,0.474,0.559,0.226,0.06,2,dark purple
83,62.0,5.752,0.751,1.223,0.508,0.606,0.141,0.054,2,dark purple
84,61.0,5.779,0.776,1.209,0.706,0.511,0.137,0.064,2,dark purple
85,96.0,4.949,0.832,0.919,0.791,0.092,0.002,0.248,2,dark purple
86,87.0,5.163,0.934,0.644,0.708,0.095,0.0,0.299,2,dark purple
87,90.0,5.182,0.982,1.069,0.705,0.204,0.329,0.0,2,dark purple
88,93.0,5.129,0.915,1.078,0.758,0.28,0.216,0.0,2,dark purple
89,78.0,5.386,0.945,1.212,0.845,0.212,0.263,0.006,2,dark purple
90,128.0,4.332,0.994,1.105,0.048,0.495,0.125,0.105,0,pink
91,137.0,3.974,1.094,0.892,0.348,0.441,0.108,0.124,0,pink
92,142.0,3.766,1.122,1.222,0.342,0.505,0.099,0.099,0,pink
93,146.0,3.59,1.017,1.174,0.417,0.557,0.042,0.092,0,pink
94,148.0,3.488,1.041,1.145,0.538,0.455,0.025,0.1,0,pink
95,16.0,6.983,0.981,1.233,0.697,0.49,0.175,0.146,1,purple
96,17.0,6.952,1.088,1.039,0.614,0.404,0.142,0.158,1,purple
97,22.0,6.635,1.107,1.431,0.617,0.437,0.162,0.111,1,purple
98,28.0,6.419,0.986,1.474,0.675,0.493,0.11,0.088,1,purple
99,32.0,6.3,1.004,1.439,0.802,0.39,0.099,0.086,1,purple
100,134.0,4.218,1.012,1.106,0.766,0.306,0.009,0.119,0,pink
101,129.0,4.217,1.113,0.925,0.678,0.212,0.006,0.128,0,pink
102,105.0,4.714,1.161,1.434,0.708,0.289,0.113,0.011,0,pink
103,100.0,4.933,1.054,1.515,0.712,0.359,0.064,0.009,2,dark purple
104,97.0,5.011,1.092,1.513,0.815,0.311,0.081,0.004,2,dark purple
105,152.0,3.587,0.258,0.852,0.271,0.395,0.128,0.217,0,pink
106,145.0,3.739,0.32,0.631,0.213,0.334,0.125,0.244,0,pink
107,134.0,4.032,0.35,1.043,0.216,0.324,0.251,0.12,0,pink
108,121.0,4.424,0.314,1.097,0.254,0.312,0.175,0.128,0,pink
109,115.0,4.587,0.331,1.056,0.38,0.255,0.177,0.113,0,pink
110,157.0,2.905,0.015,0.416,0.224,0.119,0.101,0.197,0,pink
111,157.0,2.905,0.068,0.234,0.157,0.043,0.094,0.203,0,pink
112,154.0,2.905,0.092,0.63,0.152,0.06,0.204,0.084,0,pink
113,156.0,2.905,0.091,0.627,0.145,0.065,0.149,0.076,0,pink
114,145.0,3.775,0.046,0.447,0.38,0.22,0.176,0.18,0,pink
115,145.0,3.819,0.46,0.627,0.611,0.662,0.072,0.404,0,pink
116,140.0,3.907,0.556,0.538,0.425,0.589,0.081,0.403,0,pink
117,129.0,4.168,0.602,1.006,0.43,0.633,0.386,0.068,0,pink
118,120.0,4.433,0.549,1.088,0.457,0.696,0.256,0.065,0,pink
119,109.0,4.7,0.574,1.122,0.637,0.609,0.232,0.062,0,pink
120,133.0,4.252,0.423,0.888,0.234,0.493,0.058,0.206,0,pink
121,114.0,4.513,0.525,0.625,0.127,0.427,0.061,0.227,0,pink
122,107.0,4.695,0.564,0.946,0.133,0.43,0.236,0.051,0,pink
123,99.0,4.975,0.535,0.891,0.182,0.454,0.183,0.043,2,dark purple
124,96.0,5.044,0.549,0.91,0.331,0.381,0.187,0.037,2,dark purple
125,5.0,7.427,1.326,1.323,0.906,0.633,0.33,0.458,1,purple
126,6.0,7.404,1.44,1.096,0.828,0.574,0.313,0.448,1,purple
127,7.0,7.316,1.479,1.481,0.835,0.611,0.436,0.287,1,purple
128,7.0,7.328,1.33,1.532,0.896,0.653,0.321,0.291,1,purple
129,9.0,7.278,1.365,1.505,1.039,0.584,0.285,0.308,1,purple
130,148.0,3.678,0.079,0.0,0.067,0.489,0.083,0.238,0,pink
131,0.0,5.323,0.9825,1.1265,0.6505,0.431,0.155,0.127,1,purple
132,155.0,2.693,0.0,0.0,0.019,0.271,0.281,0.057,0,pink
133,155.0,3.083,0.024,0.0,0.01,0.305,0.218,0.038,0,pink
134,155.0,3.083,0.026,0.0,0.105,0.225,0.235,0.035,0,pink
135,149.0,3.667,0.342,0.761,0.15,0.235,0.053,0.184,0,pink
136,144.0,3.763,0.422,0.632,0.038,0.128,0.05,0.187,0,pink
137,137.0,3.936,0.438,0.954,0.041,0.162,0.216,0.054,0,pink
138,131.0,4.301,0.358,0.907,0.053,0.189,0.181,0.06,0,pink
139,132.0,4.35,0.35,0.766,0.192,0.174,0.198,0.078,0,pink
140,27.0,6.67,1.107,1.124,0.859,0.441,0.129,0.334,1,purple
141,24.0,6.705,1.217,0.906,0.819,0.378,0.115,0.316,1,purple
142,20.0,6.652,1.253,1.284,0.819,0.377,0.327,0.082,1,purple
143,25.0,6.476,1.131,1.331,0.808,0.431,0.197,0.061,1,purple
144,26.0,6.444,1.159,1.369,0.92,0.357,0.187,0.056,1,purple
145,84.0,5.14,0.89,0.947,0.817,0.517,0.028,0.082,2,dark purple
146,83.0,5.245,1.028,0.794,0.736,0.44,0.027,0.05,2,dark purple
147,79.0,5.273,1.081,1.161,0.741,0.473,0.029,0.023,2,dark purple
148,86.0,5.246,0.989,1.142,0.799,0.597,0.029,0.103,2,dark purple
149,93.0,5.191,1.029,1.125,0.893,0.521,0.058,0.1,2,dark purple
150,33.0,6.477,0.919,1.24,0.691,0.535,0.051,0.184,1,purple
151,31.0,6.481,1.03,1.022,0.597,0.447,0.054,0.156,1,purple
152,36.0,6.357,1.071,1.402,0.595,0.477,0.149,0.047,1,purple
153,37.0,6.26,0.96,1.439,0.635,0.531,0.099,0.039,1,purple
154,43.0,6.125,0.985,1.41,0.841,0.47,0.099,0.034,1,purple
155,140.0,3.956,0.239,0.793,0.363,0.229,0.199,0.174,0,pink
156,138.0,3.956,0.275,0.603,0.3,0.154,0.184,0.183,0,pink
157,0.0,5.323,0.9825,1.1265,0.6505,0.431,0.155,0.127,1,purple
158,0.0,5.323,0.9825,1.1265,0.6505,0.431,0.155,0.127,1,purple
159,142.0,3.973,0.274,0.757,0.505,0.142,0.275,0.078,0,pink
160,139.0,3.989,0.679,0.663,0.311,0.415,0.117,0.124,0,pink
161,127.0,4.236,0.771,0.478,0.282,0.379,0.098,0.121,0,pink
162,124.0,4.291,0.809,0.832,0.29,0.435,0.121,0.08,0,pink
163,114.0,4.559,0.682,0.811,0.343,0.514,0.091,0.077,0,pink
164,103.0,4.812,0.673,0.799,0.508,0.372,0.105,0.093,2,dark purple
165,120.0,4.517,0.0,1.001,0.098,0.226,0.076,0.248,0,pink
166,125.0,4.272,0.057,0.807,0.188,0.156,0.061,0.255,0,pink
167,126.0,4.28,0.092,1.229,0.191,0.236,0.246,0.06,0,pink
168,132.0,4.245,0.069,1.136,0.204,0.312,0.197,0.052,0,pink
169,127.0,4.418,0.094,1.125,0.357,0.269,0.212,0.053,0,pink
170,12.0,7.226,0.956,1.238,0.86,0.634,0.106,0.255,1,purple
171,14.0,7.087,1.069,1.022,0.761,0.552,0.105,0.226,1,purple
172,12.0,7.079,1.11,1.416,0.76,0.58,0.215,0.1,1,purple
173,13.0,7.072,1.01,1.459,0.817,0.632,0.143,0.101,1,purple
174,12.0,7.167,1.034,1.441,0.963,0.558,0.144,0.093,1,purple
175,62.0,5.759,1.083,0.796,0.788,0.259,0.024,0.054,2,dark purple
176,74.0,5.488,1.186,0.608,0.705,0.239,0.04,0.184,2,dark purple
177,77.0,5.293,1.223,0.968,0.701,0.256,0.248,0.043,2,dark purple
178,82.0,5.321,1.115,1.161,0.737,0.38,0.12,0.039,2,dark purple
179,75.0,5.432,1.155,1.266,0.914,0.296,0.119,0.022,2,dark purple
180,67.0,5.689,1.208,0.893,0.924,0.407,0.061,0.306,2,dark purple
181,69.0,5.546,1.319,0.707,0.849,0.295,0.052,0.279,2,dark purple
182,65.0,5.621,1.356,1.131,0.845,0.355,0.271,0.041,2,dark purple
183,61.0,5.762,1.229,1.191,0.909,0.423,0.202,0.035,2,dark purple
184,49.0,6.046,1.263,1.223,1.042,0.406,0.19,0.041,1,purple
185,31.0,6.505,1.179,1.206,0.845,0.464,0.027,0.107,1,purple
186,27.0,6.596,1.309,1.008,0.764,0.414,0.04,0.099,1,purple
187,23.0,6.609,1.353,1.434,0.754,0.491,0.088,0.037,1,purple
188,21.0,6.711,1.233,1.489,0.854,0.543,0.064,0.034,1,purple
189,20.0,6.852,1.269,1.487,0.92,0.457,0.046,0.036,1,purple
190,3.0,7.527,1.325,1.361,0.875,0.649,0.484,0.341,1,purple
191,1.0,7.526,1.442,1.164,0.795,0.579,0.445,0.362,1,purple
192,2.0,7.522,1.482,1.551,0.793,0.626,0.355,0.401,1,purple
193,3.0,7.555,1.351,1.59,0.868,0.683,0.284,0.408,1,purple
194,2.0,7.6,1.383,1.573,0.996,0.592,0.252,0.41,1,purple
200,98.0,4.885,0.895,1.172,0.668,0.577,0.142,0.217,2,dark purple
201,89.0,5.155,1.028,0.995,0.577,0.523,0.124,0.213,2,dark purple
202,86.0,5.23,1.079,1.402,0.575,0.553,0.187,0.114,2,dark purple
203,83.0,5.302,0.982,1.441,0.614,0.578,0.12,0.106,2,dark purple
204,77.0,5.425,1.015,1.401,0.779,0.497,0.113,0.101,2,dark purple
205,48.0,5.975,0.864,0.999,0.791,0.486,0.181,0.115,1,purple
206,51.0,5.976,0.973,0.86,0.686,0.403,0.18,0.101,1,purple
207,44.0,6.008,1.001,1.286,0.686,0.455,0.15,0.14,1,purple
208,48.0,5.973,0.889,1.33,0.736,0.556,0.114,0.12,1,purple
209,50.0,6.028,0.912,1.312,0.868,0.498,0.126,0.087,1,purple
210,135.0,4.194,0.882,0.747,0.617,0.173,0.063,0.113,0,pink
211,120.0,4.362,0.954,0.498,0.521,0.188,0.104,0.127,0,pink
212,104.0,4.735,0.99,0.997,0.52,0.282,0.129,0.114,2,dark purple
213,122.0,4.419,0.885,1.025,0.553,0.312,0.092,0.107,0,pink
214,137.0,4.166,0.913,1.039,0.644,0.241,0.076,0.067,0,pink
215,42.0,6.13,0.765,1.025,0.677,0.404,0.118,0.107,1,purple
216,46.0,6.068,0.874,0.81,0.596,0.373,0.106,0.089,1,purple
217,45.0,6.003,0.91,1.182,0.596,0.432,0.078,0.09,1,purple
218,40.0,6.167,0.806,1.231,0.639,0.461,0.065,0.082,1,purple
219,35.0,6.253,0.794,1.242,0.789,0.43,0.093,0.074,1,purple
220,73.0,5.429,1.152,1.228,0.774,0.449,0.152,0.087,2,dark purple
221,72.0,5.517,1.28,1.052,0.681,0.415,0.185,0.084,2,dark purple
222,66.0,5.611,1.321,1.477,0.695,0.479,0.099,0.183,2,dark purple
223,63.0,5.739,1.2,1.532,0.737,0.553,0.086,0.174,2,dark purple
224,55.0,5.893,1.237,1.528,0.874,0.495,0.103,0.161,2,dark purple
225,122.0,4.512,0.191,0.604,0.441,0.435,0.15,0.243,0,pink
226,115.0,4.508,0.293,0.379,0.346,0.367,0.172,0.295,0,pink
227,119.0,4.46,0.339,0.865,0.353,0.409,0.313,0.165,0,pink
228,127.0,4.35,0.308,0.95,0.391,0.452,0.22,0.146,0,pink
229,134.0,4.286,0.336,1.033,0.532,0.344,0.209,0.1,0,pink
230,6.0,7.406,1.29,1.318,0.889,0.642,0.414,0.234,1,purple
231,5.0,7.413,1.406,1.135,0.811,0.571,0.41,0.255,1,purple
232,5.0,7.469,1.444,1.54,0.809,0.618,0.245,0.383,1,purple
233,1.0,7.632,1.305,1.592,0.874,0.681,0.202,0.393,1,purple
234,1.0,7.769,1.34,1.587,0.986,0.596,0.153,0.393,1,purple
235,29.0,6.575,1.278,1.26,0.946,0.55,0.206,0.123,1,purple
236,32.0,6.478,1.395,1.005,0.838,0.466,0.178,0.122,1,purple
237,31.0,6.442,1.431,1.388,0.844,0.47,0.13,0.173,1,purple
238,23.0,6.489,1.293,1.466,0.908,0.52,0.098,0.176,1,purple
239,24.0,6.592,1.324,1.472,1.045,0.436,0.111,0.183,1,purple
240,143.0,3.896,1.06,0.905,0.434,0.319,0.111,0.068,0,pink
241,134.0,4.121,1.159,0.724,0.349,0.281,0.093,0.062,0,pink
242,118.0,4.465,1.198,1.156,0.357,0.312,0.044,0.076,0,pink
243,103.0,4.758,1.036,1.164,0.404,0.356,0.032,0.052,2,dark purple
244,104.0,4.799,1.057,1.183,0.571,0.295,0.043,0.055,2,dark purple
250,130.0,4.297,0.742,0.386,0.729,0.406,0.383,0.055,0,pink
251,126.0,4.252,0.838,0.192,0.64,0.325,0.319,0.068,0,pink
252,125.0,4.286,0.951,0.571,0.65,0.309,0.054,0.252,0,pink
253,128.0,4.34,0.853,0.592,0.643,0.375,0.038,0.215,0,pink
254,119.0,4.519,0.886,0.666,0.752,0.346,0.043,0.164,0,pink
255,26.0,6.75,1.328,1.299,0.892,0.615,0.218,0.282,1,purple
256,16.0,6.994,1.448,1.098,0.815,0.535,0.286,0.305,1,purple
257,16.0,6.951,1.488,1.473,0.799,0.563,0.336,0.277,1,purple
258,15.0,6.965,1.34,1.474,0.861,0.586,0.273,0.28,1,purple
259,17.0,6.985,1.373,1.454,0.987,0.495,0.261,0.265,1,purple
260,114.0,4.633,0.546,0.68,0.401,0.423,0.044,0.231,0,pink
261,124.0,4.276,0.631,0.494,0.297,0.41,0.033,0.212,0,pink
262,131.0,4.12,0.667,0.874,0.296,0.423,0.257,0.025,0,pink
263,108.0,4.657,0.592,0.896,0.337,0.499,0.212,0.029,0,pink
264,98.0,4.996,0.611,0.868,0.486,0.381,0.245,0.04,2,dark purple
265,102.0,4.857,1.154,0.929,0.882,0.077,0.014,0.0,2,dark purple
266,99.0,5.033,1.249,0.755,0.8,0.058,0.041,0.0,2,dark purple
267,87.0,5.227,1.289,1.239,0.81,0.096,0.0,0.043,2,dark purple
268,79.0,5.358,1.154,1.202,0.879,0.131,0.0,0.044,2,dark purple
269,82.0,5.287,1.181,1.156,0.999,0.067,0.0,0.034,2,dark purple
270,43.0,6.123,0.746,1.044,0.644,0.577,0.095,0.275,1,purple
271,39.0,6.324,0.835,0.871,0.54,0.504,0.087,0.288,1,purple
272,29.0,6.454,0.872,1.256,0.54,0.531,0.283,0.077,1,purple
273,30.0,6.382,0.781,1.268,0.608,0.604,0.179,0.071,1,purple
274,27.0,6.436,0.8,1.269,0.746,0.535,0.175,0.078,1,purple
275,150.0,3.656,0.174,0.465,0.24,0.377,0.121,0.287,0,pink
276,151.0,3.607,0.224,0.311,0.188,0.31,0.119,0.299,0,pink
277,149.0,3.507,0.245,0.791,0.194,0.349,0.265,0.111,0,pink
278,140.0,3.964,0.344,0.792,0.211,0.394,0.185,0.094,0,pink
279,118.0,4.534,0.38,0.829,0.375,0.332,0.207,0.086,0,pink
280,119.0,4.518,0.267,0.743,0.388,0.244,0.172,0.462,0,pink
281,136.0,4.028,0.341,0.296,0.275,0.121,0.145,0.48,0,pink
282,145.0,3.603,0.369,0.64,0.277,0.03,0.489,0.1,0,pink
283,148.0,3.582,0.315,0.714,0.289,0.025,0.392,0.104,0,pink
284,147.0,3.597,0.323,0.688,0.449,0.026,0.419,0.11,0,pink
285,105.0,4.788,0.595,0.953,0.695,0.401,0.068,0.23,0,pink
286,104.0,4.871,0.694,0.756,0.584,0.268,0.069,0.204,2,dark purple
287,91.0,5.181,0.731,1.144,0.583,0.348,0.236,0.073,2,dark purple
288,72.0,5.504,0.62,1.205,0.622,0.459,0.197,0.074,2,dark purple
289,59.0,5.86,0.642,1.236,0.828,0.507,0.246,0.078,2,dark purple
290,72.0,5.474,1.386,1.058,1.013,0.596,0.371,0.395,2,dark purple
291,75.0,5.458,1.511,0.87,0.953,0.481,0.316,0.401,2,dark purple
292,71.0,5.472,1.552,1.263,0.943,0.491,0.374,0.294,2,dark purple
293,76.0,5.43,1.405,1.29,1.03,0.524,0.246,0.291,2,dark purple
294,76.0,5.43,1.438,1.277,1.122,0.44,0.258,0.287,2,dark purple
295,104.0,4.8,1.121,1.202,0.759,0.321,0.028,0.128,2,dark purple
296,91.0,5.145,1.241,0.932,0.676,0.198,0.045,0.099,2,dark purple
297,75.0,5.324,1.286,1.343,0.688,0.176,0.078,0.037,2,dark purple
298,69.0,5.62,1.171,1.401,0.732,0.259,0.061,0.022,2,dark purple
299,62.0,5.758,1.201,1.41,0.828,0.199,0.081,0.02,2,dark purple
300,2.0,7.561,1.302,1.402,0.948,0.629,0.141,0.436,1,purple
301,3.0,7.501,1.427,1.183,0.867,0.566,0.15,0.477,1,purple
302,3.0,7.504,1.481,1.611,0.834,0.627,0.476,0.154,1,purple
303,4.0,7.495,1.343,1.644,0.914,0.677,0.353,0.138,1,purple
304,4.0,7.494,1.38,1.624,1.026,0.591,0.354,0.118,1,purple
305,117.0,4.565,0.645,0.382,0.515,0.398,0.085,0.265,0,pink
306,118.0,4.404,0.74,0.292,0.451,0.403,0.087,0.25,0,pink
307,122.0,4.315,0.792,0.754,0.455,0.47,0.232,0.092,0,pink
308,133.0,4.19,0.721,0.747,0.485,0.539,0.172,0.093,0,pink
309,140.0,4.015,0.755,0.765,0.588,0.498,0.2,0.085,0,pink
310,74.0,5.399,0.828,1.087,0.638,0.466,0.0,0.515,2,dark purple
311,79.0,5.314,0.951,0.876,0.494,0.392,0.003,0.565,2,dark purple
312,81.0,5.262,0.996,1.274,0.492,0.443,0.612,0.015,2,dark purple
313,96.0,5.093,0.899,1.215,0.522,0.538,0.484,0.018,2,dark purple
314,92.0,5.192,0.931,1.203,0.66,0.491,0.498,0.028,2,dark purple
315,110.0,4.686,1.009,0.544,0.698,0.3,0.059,0.381,0,pink
316,105.0,4.813,1.118,0.389,0.642,0.225,0.056,0.385,0,pink
317,108.0,4.692,1.157,0.712,0.639,0.249,0.387,0.049,0,pink
318,106.0,4.707,1.059,0.771,0.691,0.459,0.282,0.129,0,pink
319,117.0,4.548,1.1,0.842,0.785,0.305,0.27,0.125,0,pink
320,112.0,4.677,0.985,0.819,0.602,0.0,0.138,0.179,0,pink
321,112.0,4.575,1.075,0.592,0.511,0.249,0.136,0.196,0,pink
322,117.0,4.497,1.103,0.979,0.501,0.289,0.2,0.107,0,pink
323,117.0,4.456,1.01,0.971,0.536,0.304,0.148,0.095,0,pink
324,126.0,4.437,1.043,0.98,0.574,0.241,0.148,0.089,0,pink
325,18.0,6.94,1.336,1.369,0.895,0.618,0.287,0.459,1,purple
326,19.0,6.907,1.483,1.162,0.815,0.54,0.298,0.45,1,purple
327,15.0,6.977,1.536,1.558,0.81,0.573,0.428,0.298,1,purple
328,14.0,6.977,1.448,1.583,0.876,0.614,0.307,0.306,1,purple
329,16.0,7.021,1.499,1.553,0.999,0.516,0.298,0.31,1,purple
330,11.0,7.278,1.229,1.224,0.914,0.413,0.078,0.332,1,purple
331,11.0,7.267,1.338,0.995,0.849,0.364,0.087,0.323,1,purple
332,11.0,7.213,1.375,1.376,0.838,0.406,0.33,0.085,1,purple
333,19.0,6.814,1.301,1.559,0.883,0.533,0.354,0.272,1,purple
334,13.0,7.139,1.276,1.455,1.029,0.371,0.261,0.082,1,purple
335,50.0,5.948,1.251,1.198,0.954,0.262,0.029,0.228,1,purple
336,50.0,5.977,1.355,1.042,0.851,0.188,0.026,0.167,1,purple
337,48.0,5.964,1.395,1.445,0.853,0.256,0.173,0.028,1,purple
338,47.0,6.0,1.264,1.501,0.946,0.281,0.137,0.028,1,purple
339,36.0,6.223,1.294,1.488,1.039,0.231,0.158,0.03,1,purple
340,151.0,3.655,0.465,0.771,0.152,0.469,0.179,0.202,0,pink
341,139.0,3.916,0.555,0.576,0.045,0.407,0.155,0.203,0,pink
342,128.0,4.18,0.603,0.905,0.049,0.448,0.201,0.13,0,pink
343,107.0,4.671,0.541,0.872,0.08,0.467,0.146,0.103,0,pink
344,99.0,4.944,0.569,0.808,0.232,0.352,0.154,0.09,2,dark purple
345,65.0,5.709,0.81,1.151,0.687,0.504,0.023,0.212,2,dark purple
346,73.0,5.51,0.893,0.964,0.595,0.436,0.043,0.222,2,dark purple
347,76.0,5.311,0.926,1.368,0.641,0.474,0.234,0.055,2,dark purple
348,56.0,5.89,0.819,1.493,0.693,0.575,0.096,0.031,2,dark purple
349,56.0,5.89,0.831,1.478,0.831,0.49,0.107,0.028,2,dark purple
350,46.0,5.987,1.271,1.257,0.991,0.496,0.181,0.107,1,purple
351,53.0,5.921,1.38,1.061,0.915,0.468,0.19,0.102,2,dark purple
352,51.0,5.92,1.417,1.436,0.913,0.506,0.121,0.164,1,purple
353,54.0,5.915,1.294,1.462,0.988,0.553,0.079,0.15,2,dark purple
354,58.0,5.886,1.327,1.419,1.088,0.445,0.069,0.14,2,dark purple
355,82.0,5.192,0.902,1.054,0.696,0.407,0.143,0.111,2,dark purple
356,80.0,5.303,0.997,0.862,0.607,0.36,0.133,0.143,2,dark purple
357,74.0,5.336,0.991,1.239,0.605,0.418,0.172,0.12,2,dark purple
358,90.0,5.161,0.822,1.265,0.645,0.468,0.13,0.134,2,dark purple
359,101.0,4.906,0.837,1.225,0.815,0.383,0.11,0.13,2,dark purple
360,54.0,5.855,1.123,1.122,0.644,0.516,0.085,0.118,2,dark purple
361,54.0,5.919,1.229,0.955,0.574,0.405,0.111,0.15,2,dark purple
362,60.0,5.819,1.285,1.384,0.606,0.437,0.202,0.119,2,dark purple
363,60.0,5.79,1.143,1.516,0.631,0.454,0.148,0.121,2,dark purple
364,60.0,5.809,1.173,1.508,0.729,0.41,0.146,0.096,2,dark purple
365,125.0,4.419,0.365,0.999,0.414,0.422,0.058,0.375,0,pink
366,122.0,4.356,0.523,0.762,0.301,0.406,0.067,0.413,0,pink
367,112.0,4.553,0.56,1.068,0.31,0.453,0.445,0.065,0,pink
368,124.0,4.41,0.493,1.048,0.454,0.504,0.352,0.055,0,pink
369,121.0,4.509,0.512,0.983,0.581,0.431,0.372,0.053,0,pink
370,69.0,5.589,0.801,0.812,0.631,0.247,0.047,0.283,2,dark purple
371,77.0,5.401,0.901,0.661,0.54,0.144,0.065,0.28,2,dark purple
372,78.0,5.279,0.951,1.138,0.541,0.26,0.32,0.057,2,dark purple
373,66.0,5.662,0.855,1.23,0.578,0.448,0.274,0.023,2,dark purple
374,46.0,6.1,0.882,1.232,0.758,0.489,0.262,0.006,1,purple
375,39.0,6.295,1.554,1.166,0.725,0.555,0.256,0.162,1,purple
376,41.0,6.239,1.617,0.878,0.636,0.432,0.237,0.16,1,purple
377,39.0,6.105,1.633,1.26,0.632,0.496,0.228,0.215,1,purple
378,45.0,6.083,1.474,1.301,0.675,0.554,0.167,0.106,1,purple
379,51.0,6.021,1.5,1.319,0.808,0.493,0.142,0.097,1,purple
380,77.0,5.286,0.474,1.151,0.651,0.435,0.042,0.3,2,dark purple
381,85.0,5.185,0.56,0.954,0.554,0.402,0.048,0.384,2,dark purple
382,98.0,5.004,0.596,1.394,0.553,0.455,0.429,0.039,2,dark purple
383,92.0,5.131,0.53,1.416,0.594,0.54,0.281,0.035,2,dark purple
384,86.0,5.261,0.551,1.438,0.723,0.508,0.3,0.023,2,dark purple
385,99.0,4.876,0.591,0.738,0.549,0.596,0.242,0.422,2,dark purple
386,102.0,4.876,0.68,0.55,0.383,0.522,0.224,0.431,2,dark purple
387,0.0,5.323,0.9825,1.1265,0.6505,0.431,0.155,0.127,1,purple
388,110.0,4.623,0.72,1.034,0.441,0.626,0.23,0.174,0,pink
389,105.0,4.796,0.764,1.03,0.551,0.547,0.266,0.164,0,pink
390,89.0,5.098,1.113,1.096,0.724,0.297,0.063,0.182,2,dark purple
391,68.0,5.56,1.218,0.95,0.64,0.28,0.089,0.174,2,dark purple
392,54.0,5.85,1.261,1.405,0.639,0.326,0.153,0.074,2,dark purple
393,53.0,5.933,1.148,1.454,0.671,0.363,0.092,0.066,2,dark purple
394,53.0,5.94,1.187,1.465,0.812,0.264,0.075,0.064,2,dark purple
395,103.0,4.839,1.026,0.8,0.839,0.339,0.046,0.219,2,dark purple
396,93.0,5.129,1.123,0.642,0.762,0.262,0.031,0.237,2,dark purple
397,88.0,5.225,1.075,1.13,0.735,0.289,0.264,0.038,2,dark purple
398,80.0,5.358,0.965,1.179,0.785,0.503,0.214,0.136,2,dark purple
399,91.0,5.197,0.987,1.224,0.815,0.216,0.166,0.027,2,dark purple
400,97.0,4.898,0.375,1.041,0.076,0.318,0.125,0.164,2,dark purple
401,0.0,5.323,0.9825,1.1265,0.6505,0.431,0.155,0.127,1,purple
402,139.0,3.808,0.521,1.19,0.0,0.391,0.157,0.119,0,pink
403,141.0,3.808,0.472,1.215,0.079,0.423,0.116,0.112,0,pink
404,144.0,3.802,0.489,1.169,0.168,0.359,0.107,0.093,0,pink
405,116.0,4.571,0.071,0.79,0.342,0.285,0.062,0.244,0,pink
406,150.0,3.622,0.107,0.504,0.232,0.257,0.049,0.241,0,pink
407,148.0,3.533,0.119,0.872,0.23,0.333,0.267,0.039,0,pink
408,149.0,3.495,0.076,0.858,0.267,0.419,0.206,0.03,0,pink
409,141.0,3.975,0.073,0.922,0.443,0.37,0.233,0.033,0,pink
410,63.0,5.754,1.131,1.119,0.704,0.417,0.11,0.183,2,dark purple
411,67.0,5.615,1.067,0.951,0.523,0.407,0.103,0.171,2,dark purple
412,68.0,5.525,1.102,1.358,0.52,0.466,0.152,0.093,2,dark purple
413,70.0,5.566,0.985,1.35,0.553,0.496,0.116,0.148,2,dark purple
414,72.0,5.525,1.044,1.303,0.673,0.416,0.133,0.152,2,dark purple
415,56.0,5.833,1.147,1.257,0.731,0.213,0.01,0.026,2,dark purple
416,60.0,5.813,1.269,1.064,0.647,0.189,0.018,0.02,2,dark purple
417,52.0,5.902,1.315,1.474,0.629,0.234,0.01,0.012,2,dark purple
418,50.0,5.952,1.197,1.527,0.716,0.35,0.026,0.006,1,purple
419,42.0,6.149,1.238,1.515,0.818,0.291,0.043,0.042,1,purple
420,17.0,6.946,1.564,1.22,0.919,0.616,0.378,0.28,1,purple
421,20.0,6.871,1.698,1.04,0.845,0.549,0.353,0.276,1,purple
422,18.0,6.863,1.742,1.458,0.845,0.597,0.283,0.319,1,purple
423,17.0,6.91,1.576,1.52,0.896,0.632,0.196,0.321,1,purple
424,14.0,7.09,1.609,1.479,1.012,0.526,0.194,0.316,1,purple
425,147.0,3.681,0.208,0.668,0.467,0.192,0.081,0.213,0,pink
426,148.0,3.695,0.28,0.461,0.371,0.137,0.075,0.22,0,pink
427,144.0,3.644,0.306,0.913,0.375,0.189,0.209,0.067,0,pink
428,143.0,3.774,0.262,0.908,0.402,0.221,0.155,0.049,0,pink
429,143.0,3.933,0.274,0.916,0.555,0.148,0.169,0.041,0,pink
430,131.0,4.292,0.016,0.411,0.226,0.431,0.07,0.331,0,pink
431,132.0,4.156,0.087,0.147,0.294,0.414,0.076,0.31,0,pink
432,136.0,3.97,0.233,0.513,0.315,0.467,0.287,0.073,0,pink
433,147.0,3.587,0.186,0.541,0.306,0.531,0.21,0.08,0,pink
434,150.0,3.41,0.191,0.56,0.495,0.443,0.218,0.089,0,pink
435,61.0,5.77,1.125,1.07,0.724,0.53,0.105,0.331,2,dark purple
436,47.0,6.005,1.251,0.88,0.624,0.39,0.091,0.415,1,purple
437,42.0,6.084,1.291,1.285,0.619,0.402,0.417,0.066,1,purple
438,35.0,6.322,1.161,1.258,0.669,0.356,0.311,0.059,1,purple
439,80.0,5.339,1.221,1.171,0.828,0.508,0.26,0.024,2,dark purple
440,138.0,3.995,0.261,1.035,0.206,0.389,0.124,0.188,0,pink
441,135.0,4.073,0.313,0.863,0.163,0.275,0.136,0.211,0,pink
442,127.0,4.19,0.476,1.281,0.169,0.307,0.183,0.105,0,pink
443,118.0,4.447,0.37,1.233,0.152,0.367,0.139,0.056,0,pink
444,128.0,4.39,0.385,1.105,0.308,0.327,0.153,0.052,0,pink
445,37.0,6.302,1.207,1.302,0.887,0.604,0.136,0.518,1,purple
446,30.0,6.488,1.308,1.099,0.803,0.55,0.176,0.562,1,purple
447,27.0,6.527,1.343,1.488,0.822,0.589,0.575,0.153,1,purple
448,22.0,6.627,1.27,1.525,0.884,0.645,0.376,0.142,1,purple
449,22.0,6.726,1.3,1.52,0.999,0.564,0.375,0.151,1,purple
450,124.0,4.436,0.454,0.869,0.359,0.242,0.175,0.219,0,pink
451,130.0,4.201,0.614,0.841,0.286,0.127,0.18,0.227,0,pink
452,123.0,4.292,0.648,1.272,0.285,0.096,0.202,0.137,0,pink
453,126.0,4.356,0.557,1.245,0.292,0.129,0.134,0.093,0,pink
454,122.0,4.49,0.57,1.167,0.489,0.066,0.106,0.088,0,pink
455,71.0,5.477,1.008,0.985,0.71,0.561,0.075,0.377,2,dark purple
456,66.0,5.648,1.144,0.757,0.662,0.461,0.052,0.37,2,dark purple
457,64.0,5.629,1.189,1.21,0.638,0.491,0.361,0.042,2,dark purple
458,55.0,5.891,1.09,1.387,0.684,0.584,0.245,0.05,2,dark purple
459,57.0,5.888,1.12,1.402,0.798,0.498,0.215,0.06,2,dark purple
460,14.0,7.187,1.021,0.915,0.814,0.482,0.213,0.141,1,purple
461,21.0,6.778,1.115,0.715,0.711,0.377,0.184,0.117,1,purple
462,25.0,6.578,1.153,1.211,0.71,0.413,0.121,0.133,1,purple
463,24.0,6.488,1.038,1.252,0.761,0.479,0.069,0.095,1,purple
464,23.0,6.595,1.07,1.323,0.861,0.433,0.074,0.073,1,purple
465,52.0,5.889,0.594,1.015,0.618,0.328,0.016,0.21,2,dark purple
466,55.0,5.897,0.692,0.831,0.523,0.252,0.019,0.2,2,dark purple
467,56.0,5.838,0.729,1.252,0.589,0.241,0.209,0.01,2,dark purple
468,67.0,5.64,0.657,1.301,0.62,0.232,0.171,0.0,2,dark purple
469,71.0,5.529,0.685,1.328,0.739,0.245,0.181,0.0,2,dark purple
470,100.0,4.874,0.828,1.301,0.603,0.436,0.027,0.332,2,dark purple
471,101.0,4.907,0.989,1.09,0.555,0.36,0.033,0.345,2,dark purple
472,100.0,4.955,1.027,1.493,0.558,0.394,0.338,0.033,2,dark purple
473,94.0,5.125,0.914,1.517,0.575,0.395,0.253,0.032,2,dark purple
474,83.0,5.285,0.948,1.531,0.667,0.317,0.235,0.038,2,dark purple
475,82.0,5.192,0.974,0.906,0.725,0.183,0.143,0.161,2,dark purple
476,88.0,5.161,1.078,0.742,0.635,0.151,0.127,0.172,2,dark purple
477,83.0,5.237,1.121,1.238,0.667,0.195,0.198,0.088,2,dark purple
478,81.0,5.347,1.017,1.279,0.729,0.259,0.111,0.081,2,dark purple
479,73.0,5.523,1.051,1.361,0.871,0.197,0.142,0.08,2,dark purple
480,92.0,5.013,0.735,0.641,0.61,0.417,0.085,0.072,2,dark purple
481,90.0,5.151,0.841,0.386,0.595,0.256,0.084,0.041,2,dark purple
482,84.0,5.235,0.878,0.775,0.598,0.408,0.032,0.088,2,dark purple
483,85.0,5.254,0.779,0.797,0.669,0.46,0.026,0.074,2,dark purple
484,89.0,5.208,0.801,0.782,0.782,0.418,0.036,0.076,2,dark purple
485,94.0,4.971,0.083,1.026,0.091,0.34,0.156,0.223,2,dark purple
486,0.0,5.323,0.9825,1.1265,0.6505,0.431,0.155,0.127,1,purple
487,113.0,4.55,0.234,0.871,0.107,0.481,0.322,0.179,0,pink
488,123.0,4.417,0.198,0.902,0.173,0.531,0.206,0.158,0,pink
489,123.0,4.466,0.204,0.986,0.39,0.494,0.197,0.138,0,pink
490,129.0,4.307,0.271,0.709,0.482,0.44,0.19,0.796,0,pink
491,119.0,4.395,0.341,0.7,0.399,0.427,0.202,0.82,0,pink
492,114.0,4.545,0.367,1.123,0.398,0.514,0.838,0.189,0,pink
493,130.0,4.308,0.682,1.174,0.429,0.58,0.598,0.178,0,pink
494,131.0,4.36,0.71,1.181,0.555,0.525,0.566,0.172,0,pink
495,0.0,5.323,0.9825,1.1265,0.6505,0.431,0.155,0.127,1,purple
496,113.0,4.574,0.933,0.704,0.347,0.486,0.104,0.078,0,pink
497,111.0,4.574,0.964,1.098,0.339,0.52,0.077,0.093,0,pink
498,119.0,4.441,0.874,1.281,0.365,0.519,0.051,0.064,0,pink
499,113.0,4.639,0.879,1.313,0.477,0.401,0.07,0.056,0,pink
500,121.0,4.514,0.36,0.864,0.569,0.383,0.059,0.323,0,pink
501,107.0,4.793,0.446,0.697,0.501,0.37,0.07,0.382,0,pink
502,99.0,4.962,0.48,1.179,0.504,0.44,0.394,0.073,2,dark purple
503,101.0,4.88,0.425,1.228,0.539,0.526,0.302,0.078,2,dark purple
504,100.0,4.913,0.446,1.226,0.677,0.439,0.285,0.089,2,dark purple
505,7.0,7.378,1.329,1.28,0.893,0.616,0.318,0.476,1,purple
506,7.0,7.339,1.465,1.029,0.812,0.552,0.299,0.474,1,purple
507,6.0,7.377,1.504,1.429,0.811,0.585,0.47,0.283,1,purple
508,6.0,7.441,1.361,1.488,0.878,0.638,0.333,0.295,1,purple
509,5.0,7.488,1.396,1.522,0.999,0.557,0.322,0.298,1,purple
510,9.0,7.286,1.25,1.32,0.908,0.639,0.429,0.475,1,purple
511,8.0,7.334,1.361,1.173,0.831,0.581,0.419,0.494,1,purple
512,8.0,7.314,1.406,1.548,0.817,0.614,0.5,0.383,1,purple
513,8.0,7.324,1.268,1.601,0.876,0.669,0.365,0.389,1,purple
514,8.0,7.307,1.303,1.557,1.026,0.585,0.33,0.38,1,purple
515,57.0,5.828,0.593,1.142,0.743,0.555,0.193,0.278,2,dark purple
516,48.0,5.992,0.694,0.895,0.652,0.466,0.163,0.298,1,purple
517,43.0,6.071,0.737,1.287,0.653,0.448,0.302,0.131,1,purple
518,41.0,6.141,0.668,1.319,0.7,0.527,0.208,0.128,1,purple
519,45.0,6.105,0.694,1.325,0.835,0.435,0.2,0.127,1,purple
520,144.0,3.845,0.069,0.773,0.297,0.477,0.156,0.194,0,pink
521,142.0,3.856,0.133,0.605,0.262,0.38,0.172,0.21,0,pink
522,135.0,4.028,0.162,0.993,0.269,0.364,0.229,0.139,0,pink
523,134.0,4.166,0.131,0.867,0.221,0.39,0.175,0.099,0,pink
524,114.0,4.628,0.138,0.774,0.366,0.318,0.188,0.102,0,pink
525,78.0,5.268,0.654,0.904,0.16,0.343,0.04,0.272,2,dark purple
526,103.0,4.875,0.752,0.645,0.051,0.279,0.031,0.232,2,dark purple
527,95.0,5.074,0.784,1.216,0.057,0.395,0.231,0.026,2,dark purple
528,91.0,5.155,0.689,1.172,0.048,0.462,0.201,0.032,2,dark purple
529,85.0,5.265,0.696,1.111,0.245,0.426,0.215,0.041,2,dark purple
530,93.0,5.007,0.919,1.002,0.735,0.335,0.053,0.224,2,dark purple
531,95.0,5.121,1.019,0.782,0.647,0.277,0.07,0.235,2,dark purple
532,92.0,5.175,1.065,1.208,0.645,0.326,0.254,0.06,2,dark purple
533,89.0,5.185,0.959,1.239,0.691,0.394,0.173,0.052,2,dark purple
534,84.0,5.274,0.983,1.294,0.838,0.345,0.185,0.034,2,dark purple
535,66.0,5.695,1.208,1.07,0.924,0.49,0.143,0.262,2,dark purple
536,62.0,5.771,1.311,0.818,0.841,0.436,0.166,0.263,2,dark purple
537,61.0,5.81,1.347,1.186,0.835,0.471,0.267,0.155,2,dark purple
538,58.0,5.835,1.229,1.211,0.909,0.495,0.179,0.154,2,dark purple
539,64.0,5.718,1.263,1.252,1.042,0.417,0.191,0.162,2,dark purple
540,4.0,7.522,1.459,1.331,0.885,0.67,0.365,0.347,1,purple
541,4.0,7.498,1.577,1.127,0.796,0.596,0.358,0.379,1,purple
542,1.0,7.537,1.616,1.534,0.797,0.635,0.362,0.316,1,purple
543,2.0,7.594,1.456,1.582,0.861,0.686,0.286,0.34,1,purple
544,3.0,7.554,1.488,1.582,1.028,0.603,0.271,0.341,1,purple
550,81.0,5.194,0.595,0.414,0.515,0.121,0.105,0.337,2,dark purple
551,92.0,5.132,0.688,0.261,0.403,0.146,0.139,0.312,2,dark purple
552,80.0,5.269,0.727,0.673,0.402,0.235,0.315,0.124,2,dark purple
553,75.0,5.472,0.652,0.81,0.424,0.334,0.216,0.113,2,dark purple
554,67.0,5.653,0.677,0.886,0.535,0.313,0.22,0.098,2,dark purple
555,108.0,4.715,0.599,0.926,0.66,0.245,0.129,0.113,0,pink
556,108.0,4.754,0.67,0.716,0.568,0.177,0.106,0.112,0,pink
557,103.0,4.775,0.716,1.156,0.566,0.255,0.114,0.089,2,dark purple
558,104.0,4.743,0.642,1.217,0.602,0.266,0.086,0.076,2,dark purple
559,110.0,4.696,0.657,1.247,0.672,0.225,0.103,0.066,0,pink
560,25.0,6.786,1.064,1.199,0.797,0.542,0.093,0.244,1,purple
561,25.0,6.701,1.183,0.989,0.708,0.489,0.084,0.242,1,purple
562,30.0,6.452,1.234,1.373,0.706,0.55,0.211,0.071,1,purple
563,27.0,6.43,1.112,1.438,0.759,0.597,0.125,0.063,1,purple
564,31.0,6.321,1.149,1.442,0.91,0.516,0.109,0.054,1,purple
565,53.0,5.878,0.76,1.305,0.661,0.539,0.082,0.342,2,dark purple
566,70.0,5.538,0.894,1.111,0.583,0.462,0.074,0.253,2,dark purple
567,70.0,5.493,0.933,1.507,0.579,0.474,0.224,0.091,2,dark purple
568,64.0,5.681,0.835,1.522,0.615,0.541,0.162,0.074,2,dark purple
569,63.0,5.743,0.855,1.475,0.777,0.514,0.184,0.08,2,dark purple
570,58.0,5.824,0.9,0.975,0.73,0.415,0.06,0.15,2,dark purple
571,64.0,5.743,0.996,0.813,0.63,0.375,0.053,0.145,2,dark purple
572,63.0,5.715,1.035,1.219,0.63,0.45,0.127,0.047,2,dark purple
573,65.0,5.663,0.934,1.249,0.674,0.53,0.092,0.034,2,dark purple
574,65.0,5.697,0.96,1.274,0.854,0.455,0.083,0.027,2,dark purple
575,90.0,5.073,0.705,1.035,0.581,0.625,0.123,0.25,2,dark purple
576,82.0,5.279,0.812,0.879,0.47,0.549,0.118,0.217,2,dark purple
577,72.0,5.43,0.858,1.254,0.468,0.585,0.194,0.099,2,dark purple
578,71.0,5.524,0.775,1.312,0.513,0.643,0.12,0.105,2,dark purple
579,69.0,5.631,0.807,1.293,0.657,0.558,0.117,0.107,2,dark purple
580,60.0,5.791,1.126,1.279,0.779,0.531,0.042,0.168,2,dark purple
581,57.0,5.835,1.246,1.047,0.691,0.452,0.055,0.144,2,dark purple
582,46.0,5.973,1.292,1.446,0.699,0.52,0.158,0.059,1,purple
583,42.0,6.123,1.176,1.448,0.781,0.546,0.108,0.064,1,purple
584,40.0,6.182,1.206,1.438,0.884,0.483,0.117,0.05,1,purple
585,88.0,5.102,1.16,1.139,0.875,0.515,0.011,0.137,2,dark purple
586,94.0,5.123,1.276,0.944,0.794,0.447,0.015,0.117,2,dark purple
587,89.0,5.195,1.315,1.367,0.796,0.498,0.095,0.016,2,dark purple
588,77.0,5.41,1.188,1.429,0.884,0.562,0.055,0.017,2,dark purple
589,66.0,5.693,1.221,1.431,0.999,0.508,0.047,0.025,2,dark purple
595,28.0,6.611,1.69,1.079,0.797,0.64,0.522,0.326,1,purple
596,36.0,6.375,1.824,0.88,0.717,0.567,0.48,0.324,1,purple
597,35.0,6.375,1.871,1.274,0.71,0.604,0.33,0.439,1,purple
598,32.0,6.374,1.649,1.303,0.748,0.654,0.256,0.171,1,purple
599,29.0,6.374,1.684,1.313,0.871,0.555,0.22,0.167,1,purple
600,86.0,5.124,1.043,0.886,0.769,0.351,0.006,0.137,2,dark purple
601,71.0,5.528,1.17,0.728,0.676,0.367,0.007,0.129,2,dark purple
602,57.0,5.825,1.218,1.15,0.685,0.457,0.134,0.004,2,dark purple
603,52.0,5.945,1.116,1.219,0.726,0.528,0.088,0.001,2,dark purple
604,48.0,6.07,1.162,1.232,0.825,0.462,0.083,0.005,1,purple
605,64.0,5.716,1.138,1.236,0.669,0.367,0.03,0.002,2,dark purple
606,56.0,5.856,1.232,1.053,0.59,0.327,0.036,0.027,2,dark purple
607,49.0,5.963,1.282,1.469,0.547,0.374,0.052,0.033,1,purple
608,59.0,5.81,1.151,1.479,0.599,0.399,0.065,0.025,2,dark purple
609,68.0,5.648,1.183,1.452,0.726,0.334,0.082,0.031,2,dark purple
610,154.0,3.465,0.222,0.774,0.429,0.592,0.552,0.226,0,pink
611,152.0,3.515,0.328,0.616,0.319,0.543,0.505,0.236,0,pink
612,151.0,3.471,0.369,0.946,0.326,0.582,0.253,0.455,0,pink
613,151.0,3.408,0.332,0.896,0.4,0.636,0.2,0.444,0,pink
614,152.0,3.334,0.359,0.711,0.614,0.555,0.217,0.411,0,pink
615,35.0,6.411,1.395,1.084,0.72,0.31,0.325,0.137,1,purple
616,34.0,6.379,1.49,0.848,0.593,0.379,0.3,0.155,1,purple
617,37.0,6.344,1.531,1.287,0.59,0.45,0.148,0.273,1,purple
618,33.0,6.371,1.379,1.331,0.633,0.509,0.098,0.127,1,purple
619,28.0,6.375,1.403,1.357,0.795,0.439,0.08,0.132,1,purple
620,142.0,3.904,0.365,0.976,0.435,0.368,0.107,0.208,0,pink
621,128.0,4.219,0.443,0.774,0.405,0.311,0.117,0.191,0,pink
622,115.0,4.535,0.479,1.18,0.409,0.378,0.183,0.115,0,pink
623,109.0,4.631,0.429,1.117,0.433,0.406,0.138,0.082,0,pink
624,111.0,4.681,0.45,1.134,0.571,0.292,0.153,0.072,0,pink
625,87.0,5.123,0.921,1.01,0.748,0.201,0.026,0.192,2,dark purple
626,86.0,5.177,1.034,0.813,0.646,0.157,0.043,0.207,2,dark purple
627,73.0,5.395,1.069,1.258,0.651,0.209,0.22,0.041,2,dark purple
628,78.0,5.398,0.975,1.369,0.685,0.288,0.134,0.043,2,dark purple
629,70.0,5.603,1.004,1.383,0.854,0.282,0.137,0.039,2,dark purple
630,123.0,4.507,0.33,0.956,0.0,0.408,0.088,0.215,0,pink
631,111.0,4.635,0.365,0.628,0.0,0.307,0.082,0.239,0,pink
632,106.0,4.709,0.368,0.984,0.006,0.319,0.293,0.071,0,pink
633,113.0,4.571,0.256,0.813,0.0,0.355,0.238,0.053,0,pink
634,129.0,4.374,0.268,0.841,0.242,0.309,0.252,0.045,0,pink
635,24.0,6.798,1.522,1.02,1.025,0.543,0.492,0.311,1,purple
636,22.0,6.739,1.646,0.868,0.947,0.488,0.47,0.327,1,purple
637,26.0,6.572,1.692,1.354,0.949,0.55,0.346,0.464,1,purple
638,34.0,6.343,1.529,1.451,1.008,0.631,0.261,0.457,1,purple
639,34.0,6.262,1.572,1.463,1.141,0.556,0.271,0.453,1,purple
640,45.0,5.995,1.169,1.27,0.789,0.318,0.034,0.169,1,purple
641,45.0,6.078,1.28,1.083,0.704,0.234,0.029,0.138,1,purple
642,40.0,6.098,1.325,1.505,0.713,0.296,0.137,0.024,1,purple
643,39.0,6.173,1.21,1.537,0.776,0.354,0.118,0.014,1,purple
644,38.0,6.198,1.246,1.504,0.881,0.334,0.121,0.014,1,purple
645,55.0,5.848,1.185,1.274,0.873,0.609,0.038,0.253,2,dark purple
646,63.0,5.768,1.299,1.056,0.792,0.532,0.036,0.257,2,dark purple
647,62.0,5.758,1.341,1.453,0.791,0.573,0.243,0.045,2,dark purple
648,51.0,5.948,1.219,1.506,0.856,0.633,0.16,0.051,1,purple
649,44.0,6.118,1.258,1.523,0.953,0.564,0.144,0.057,1,purple
650,0.0,5.323,0.9825,1.1265,0.6505,0.431,0.155,0.127,1,purple
651,76.0,5.44,0.0,0.336,0.115,0.568,0.312,0.272,2,dark purple
652,93.0,5.151,0.023,0.721,0.114,0.602,0.292,0.282,2,dark purple
653,98.0,4.982,0.0,0.712,0.115,0.674,0.238,0.282,2,dark purple
654,112.0,4.668,0.0,0.698,0.268,0.559,0.243,0.27,0,pink
660,113.0,4.642,0.92,1.185,0.277,0.332,0.089,0.12,0,pink
661,116.0,4.459,1.024,0.961,0.186,0.425,0.084,0.137,0,pink
662,101.0,4.829,1.055,1.385,0.187,0.479,0.139,0.073,2,dark purple
663,105.0,4.724,0.94,1.41,0.33,0.516,0.103,0.056,0,pink
664,106.0,4.722,0.96,1.351,0.469,0.389,0.13,0.055,0,pink
665,47.0,5.984,1.245,0.958,0.965,0.332,0.079,0.186,1,purple
666,57.0,5.835,1.359,0.722,0.886,0.252,0.077,0.188,2,dark purple
667,55.0,5.838,1.402,1.128,0.9,0.258,0.207,0.063,2,dark purple
668,57.0,5.875,1.266,1.204,0.955,0.244,0.175,0.051,2,dark purple
669,54.0,5.895,1.301,1.219,1.036,0.159,0.175,0.056,2,dark purple
670,0.0,5.323,0.9825,1.1265,0.6505,0.431,0.155,0.127,1,purple
671,143.0,3.832,0.394,0.185,0.158,0.197,0.13,0.259,0,pink
672,147.0,3.591,0.397,0.601,0.163,0.147,0.286,0.117,0,pink
673,154.0,3.254,0.337,0.608,0.177,0.112,0.224,0.106,0,pink
674,156.0,2.853,0.306,0.575,0.295,0.01,0.202,0.091,0,pink
675,36.0,6.329,1.23,1.314,0.956,0.46,0.064,0.182,1,purple
676,37.0,6.361,1.343,1.129,0.879,0.375,0.061,0.177,1,purple
677,34.0,6.403,1.384,1.532,0.889,0.409,0.19,0.071,1,purple
678,36.0,6.31,1.251,1.538,0.965,0.449,0.142,0.074,1,purple
679,30.0,6.354,1.286,1.484,1.062,0.362,0.153,0.079,1,purple
680,132.0,4.271,0.835,1.019,0.708,0.537,0.092,0.408,0,pink
681,117.0,4.415,0.973,0.848,0.62,0.508,0.08,0.47,0,pink
682,120.0,4.44,1.01,1.26,0.625,0.561,0.491,0.074,0,pink
683,116.0,4.471,0.918,1.314,0.672,0.585,0.307,0.05,0,pink
684,130.0,4.366,0.949,1.265,0.831,0.47,0.244,0.047,0,pink
685,118.0,4.55,0.521,1.014,0.369,0.101,0.147,0.191,0,pink
686,133.0,4.139,0.631,0.819,0.298,0.0,0.1,0.181,0,pink
687,130.0,4.139,0.66,1.214,0.291,0.015,0.182,0.09,0,pink
688,137.0,4.139,0.605,1.24,0.312,0.016,0.134,0.082,0,pink
689,0.0,5.323,0.9825,1.1265,0.6505,0.431,0.155,0.127,1,purple
700,8.0,7.364,1.332,1.289,0.911,0.66,0.438,0.363,1,purple
701,10.0,7.291,1.452,1.088,0.831,0.582,0.409,0.383,1,purple
702,9.0,7.284,1.494,1.478,0.831,0.613,0.385,0.384,1,purple
703,9.0,7.314,1.355,1.501,0.913,0.659,0.285,0.383,1,purple
704,7.0,7.343,1.387,1.487,1.009,0.574,0.267,0.373,1,purple
705,1.0,7.587,1.397,1.35,0.941,0.666,0.42,0.297,1,purple
706,2.0,7.509,1.527,1.145,0.863,0.586,0.412,0.281,1,purple
707,4.0,7.494,1.565,1.517,0.858,0.62,0.291,0.367,1,purple
708,5.0,7.487,1.42,1.549,0.927,0.66,0.256,0.357,1,purple
709,6.0,7.48,1.452,1.526,1.052,0.572,0.263,0.343,1,purple
710,156.0,3.006,0.663,0.475,0.722,0.157,0.189,0.472,0,pink
711,156.0,3.069,0.747,0.149,0.63,0.069,0.172,0.484,0,pink
712,152.0,3.462,0.777,0.396,0.501,0.082,0.494,0.151,0,pink
713,150.0,3.462,0.689,0.382,0.539,0.088,0.376,0.144,0,pink
714,149.0,3.462,0.619,0.378,0.44,0.013,0.331,0.141,0,pink
715,38.0,6.298,1.291,1.076,0.875,0.397,0.081,0.254,1,purple
716,34.0,6.379,1.397,0.926,0.796,0.324,0.066,0.255,1,purple
717,33.0,6.422,1.434,1.385,0.794,0.361,0.258,0.064,1,purple
718,26.0,6.441,1.365,1.436,0.857,0.418,0.151,0.078,1,purple
719,25.0,6.446,1.368,1.43,0.914,0.351,0.242,0.097,1,purple
720,106.0,4.786,0.39,0.856,0.574,0.472,0.151,0.23,0,pink
721,100.0,4.996,0.488,0.756,0.531,0.434,0.135,0.26,2,dark purple
722,96.0,5.041,0.525,1.271,0.529,0.472,0.249,0.146,2,dark purple
723,88.0,5.199,0.474,1.166,0.598,0.292,0.187,0.034,2,dark purple
724,74.0,5.467,0.493,1.098,0.718,0.389,0.23,0.144,2,dark purple
725,146.0,3.781,0.285,1.003,0.382,0.329,0.057,0.344,0,pink
726,149.0,3.666,0.472,0.776,0.357,0.318,0.051,0.315,0,pink
727,153.0,3.349,0.511,1.042,0.365,0.39,0.354,0.066,0,pink
728,153.0,3.303,0.455,0.991,0.381,0.481,0.27,0.097,0,pink
729,153.0,3.231,0.476,0.885,0.499,0.417,0.276,0.147,0,pink
730,34.0,6.455,0.967,1.265,0.739,0.557,0.032,0.576,1,purple
731,33.0,6.474,1.089,1.045,0.649,0.496,0.028,0.587,1,purple
732,32.0,6.424,1.128,1.426,0.647,0.58,0.572,0.032,1,purple
733,46.0,6.072,1.016,1.417,0.707,0.637,0.364,0.029,1,purple
734,52.0,6.008,1.05,1.409,0.828,0.557,0.359,0.028,2,dark purple
735,158.0,2.839,0.209,0.14,0.284,0.365,0.107,0.167,0,pink
736,155.0,3.303,0.281,0.0,0.248,0.347,0.116,0.175,0,pink
737,150.0,3.495,0.305,0.432,0.247,0.38,0.197,0.096,0,pink
738,139.0,3.999,0.259,0.474,0.253,0.434,0.158,0.101,0,pink
739,139.0,4.085,0.275,0.572,0.41,0.293,0.177,0.085,0,pink
740,41.0,6.168,1.212,1.184,0.615,0.559,0.011,0.318,1,purple
741,43.0,6.168,1.326,0.986,0.526,0.485,0.012,0.319,1,purple
742,38.0,6.168,1.361,1.38,0.52,0.519,0.325,0.009,1,purple
743,38.0,6.192,1.223,1.492,0.564,0.575,0.171,0.019,1,purple
744,39.0,6.192,1.231,1.477,0.713,0.489,0.185,0.016,1,purple
745,107.0,4.739,0.881,0.604,0.738,0.263,0.064,0.064,0,pink
746,98.0,5.045,0.977,0.432,0.596,0.236,0.082,0.039,2,dark purple
747,102.0,4.805,1.007,0.868,0.613,0.29,0.05,0.087,2,dark purple
748,111.0,4.592,0.9,0.906,0.69,0.271,0.04,0.063,0,pink
749,124.0,4.461,0.921,1.0,0.815,0.167,0.059,0.055,0,pink
750,76.0,5.332,1.061,0.946,0.732,0.228,0.157,0.123,2,dark purple
751,78.0,5.389,1.165,0.877,0.647,0.239,0.123,0.047,2,dark purple
752,69.0,5.5,1.198,1.338,0.638,0.301,0.047,0.1,2,dark purple
753,74.0,5.483,1.148,1.38,0.686,0.324,0.106,0.109,2,dark purple
754,79.0,5.373,1.183,1.36,0.808,0.195,0.083,0.106,2,dark purple
755,70.0,5.548,0.958,1.227,0.539,0.476,0.308,0.17,2,dark purple
756,65.0,5.658,1.08,1.038,0.44,0.374,0.285,0.226,2,dark purple
757,59.0,5.822,1.131,1.493,0.438,0.418,0.25,0.259,2,dark purple
758,68.0,5.636,1.016,1.533,0.517,0.417,0.199,0.037,2,dark purple
759,87.0,5.247,1.052,1.538,0.657,0.394,0.244,0.028,2,dark purple
760,141.0,3.931,0.211,1.133,0.339,0.457,0.073,0.291,0,pink
761,145.0,3.739,0.347,0.91,0.196,0.437,0.064,0.271,0,pink
762,133.0,4.081,0.381,1.13,0.218,0.443,0.326,0.057,0,pink
763,135.0,4.161,0.322,1.09,0.237,0.45,0.259,0.061,0,pink
764,136.0,4.189,0.332,1.069,0.443,0.356,0.252,0.06,0,pink
765,111.0,4.681,0.799,1.203,0.674,0.251,0.03,0.153,0,pink
766,123.0,4.324,0.873,1.014,0.586,0.129,0.018,0.204,0,pink
767,132.0,4.096,0.895,1.395,0.576,0.123,0.27,0.023,0,pink
768,138.0,4.103,0.793,1.413,0.609,0.163,0.187,0.011,0,pink
769,133.0,4.332,0.82,1.39,0.739,0.178,0.187,0.01,0,pink
770,20.0,6.901,1.427,1.126,0.809,0.642,0.386,0.264,1,purple
771,28.0,6.573,1.574,0.871,0.73,0.562,0.356,0.266,1,purple
772,21.0,6.648,1.626,1.266,0.727,0.608,0.361,0.324,1,purple
773,20.0,6.774,2.096,0.776,0.67,0.284,0.186,0.127,1,purple
774,21.0,6.825,1.503,1.31,0.825,0.598,0.262,0.182,1,purple
775,21.0,6.867,1.266,1.285,0.909,0.596,0.321,0.519,1,purple
776,23.0,6.725,1.403,1.087,0.81,0.5,0.274,0.502,1,purple
777,19.0,6.714,1.442,1.496,0.805,0.508,0.493,0.265,1,purple
778,11.0,7.19,1.244,1.433,0.888,0.464,0.262,0.082,1,purple
779,15.0,7.054,1.333,1.538,0.996,0.45,0.348,0.278,1,purple
780,15.0,7.119,1.395,1.247,0.862,0.546,0.159,0.401,1,purple
781,13.0,7.104,1.508,1.048,0.779,0.482,0.149,0.411,1,purple
782,14.0,6.993,1.546,1.42,0.774,0.506,0.393,0.136,1,purple
783,18.0,6.886,1.398,1.471,0.819,0.547,0.291,0.133,1,purple
784,19.0,6.892,1.433,1.457,0.874,0.454,0.28,0.128,1,purple
785,32.0,6.485,1.062,1.209,0.812,0.604,0.246,0.232,1,purple
786,29.0,6.545,1.182,1.031,0.722,0.544,0.214,0.181,1,purple
787,28.0,6.454,1.218,1.412,0.719,0.579,0.175,0.178,1,purple
788,31.0,6.379,1.093,1.459,0.771,0.625,0.13,0.155,1,purple
789,33.0,6.293,1.124,1.465,0.891,0.523,0.127,0.15,1,purple
790,44.0,6.003,0.632,1.34,0.598,0.658,0.308,0.228,1,purple
791,49.0,5.987,0.736,1.168,0.502,0.608,0.283,0.343,1,purple
792,47.0,5.971,0.786,1.549,0.498,0.658,0.416,0.247,1,purple
793,44.0,6.096,0.719,1.584,0.605,0.724,0.328,0.259,1,purple
794,41.0,6.174,0.745,1.529,0.756,0.631,0.322,0.24,1,purple
795,23.0,6.81,1.044,1.256,0.721,0.429,0.111,0.058,1,purple
796,44.0,6.084,1.134,1.033,0.619,0.198,0.083,0.043,1,purple
797,82.0,5.25,1.128,1.431,0.617,0.154,0.065,0.064,2,dark purple
798,102.0,4.806,0.996,1.469,0.657,0.133,0.056,0.052,2,dark purple
799,108.0,4.707,0.96,1.427,0.805,0.154,0.064,0.047,0,pink
800,75.0,5.36,0.632,0.912,0.747,0.594,0.104,0.169,2,dark purple
801,96.0,5.061,0.74,0.791,0.662,0.56,0.116,0.251,2,dark purple
802,94.0,5.074,0.789,1.277,0.652,0.571,0.235,0.088,2,dark purple
803,95.0,5.103,0.715,1.365,0.702,0.618,0.177,0.079,2,dark purple
804,94.0,5.175,0.741,1.346,0.851,0.543,0.147,0.073,2,dark purple
805,136.0,4.077,0.546,0.681,0.401,0.356,0.079,0.091,0,pink
806,147.0,3.724,0.579,0.475,0.31,0.229,0.059,0.098,0,pink
807,146.0,3.593,0.592,0.935,0.31,0.249,0.104,0.057,0,pink
808,152.0,3.355,0.442,1.073,0.343,0.244,0.083,0.064,0,pink
809,151.0,3.38,0.287,1.163,0.463,0.143,0.108,0.077,0,pink
810,85.0,5.129,0.47,0.916,0.299,0.488,0.125,0.196,2,dark purple
811,106.0,4.795,0.612,0.638,0.236,0.427,0.115,0.179,0,pink
812,116.0,4.514,0.636,1.003,0.258,0.462,0.25,0.078,0,pink
813,125.0,4.377,0.562,1.047,0.295,0.503,0.221,0.082,0,pink
814,138.0,4.107,0.578,1.058,0.426,0.431,0.247,0.087,0,pink
815,115.0,4.61,0.271,1.033,0.335,0.259,0.081,0.19,0,pink
816,131.0,4.193,0.35,0.715,0.16,0.254,0.086,0.185,0,pink
817,138.0,3.875,0.376,1.083,0.197,0.336,0.189,0.095,0,pink
818,144.0,3.692,0.357,1.094,0.248,0.406,0.132,0.099,0,pink
819,146.0,3.663,0.366,1.114,0.433,0.361,0.151,0.089,0,pink
