,Happiness Score,Economy (GDP per Capita),Social Support,Health (Life Expectancy),Freedom to make life choices,Lack of Corruption,Donations to Charity,Happiness Category
0,3.575,0.32,0.303,0.303,0.234,0.097,0.365,Not Happy
1,3.36,0.382,0.11,0.173,0.164,0.071,0.313,Not Happy
2,3.794,0.401,0.582,0.181,0.106,0.312,0.061,Not Happy
3,3.632,0.332,0.537,0.255,0.085,0.191,0.036,Not Happy
4,3.203,0.35,0.517,0.361,0.0,0.158,0.025,Not Happy
5,4.959,0.879,0.804,0.813,0.357,0.064,0.143,Moderately Happy
6,4.655,0.955,0.502,0.73,0.319,0.053,0.168,Moderately Happy
7,4.644,0.996,0.804,0.731,0.381,0.201,0.04,Moderately Happy
8,4.586,0.916,0.817,0.79,0.419,0.149,0.032,Moderately Happy
9,4.719,0.947,0.848,0.874,0.383,0.178,0.027,Moderately Happy
10,5.605,0.939,1.078,0.618,0.286,0.174,0.078,Moderately Happy
11,6.355,1.053,0.833,0.618,0.21,0.162,0.07,Happy
12,5.872,1.092,1.146,0.618,0.233,0.069,0.146,Moderately Happy
13,5.295,0.979,1.154,0.687,0.077,0.055,0.135,Moderately Happy
14,5.211,1.002,1.16,0.785,0.086,0.073,0.114,Moderately Happy
15,4.033,0.758,0.86,0.167,0.104,0.071,0.123,Moderately Happy
16,3.866,0.847,0.664,0.05,0.006,0.084,0.121,Not Happy
17,3.795,0.858,1.104,0.05,0.0,0.098,0.07,Not Happy
18,3.795,0.73,1.125,0.269,0.0,0.079,0.061,Not Happy
19,5.323,0.9825,1.1265,0.6505,0.431,0.155,0.127,Moderately Happy
20,6.574,1.054,1.248,0.787,0.45,0.085,0.115,Happy
21,6.65,1.151,1.066,0.697,0.423,0.073,0.11,Happy
22,6.599,1.185,1.44,0.695,0.495,0.109,0.06,Happy
23,6.388,1.073,1.468,0.744,0.57,0.062,0.054,Happy
24,6.086,1.092,1.432,0.881,0.471,0.066,0.05,Happy
25,4.35,0.768,0.777,0.73,0.198,0.039,0.079,Moderately Happy
26,4.36,0.861,0.625,0.641,0.14,0.036,0.078,Moderately Happy
27,4.376,0.901,1.007,0.638,0.198,0.083,0.027,Moderately Happy
28,4.321,0.816,0.99,0.666,0.26,0.077,0.028,Moderately Happy
29,4.559,0.85,1.055,0.815,0.283,0.095,0.064,Moderately Happy
30,7.284,1.334,1.309,0.932,0.651,0.356,0.436,Happy
31,7.313,1.444,1.105,0.851,0.568,0.323,0.474,Happy
32,7.284,1.484,1.51,0.844,0.602,0.478,0.301,Happy
33,7.272,1.34,1.573,0.91,0.647,0.361,0.302,Happy
34,7.228,1.372,1.548,1.036,0.557,0.332,0.29,Happy
35,7.2,1.337,1.297,0.89,0.624,0.187,0.331,Happy
36,7.119,1.45,1.084,0.806,0.544,0.213,0.329,Happy
37,7.006,1.487,1.46,0.815,0.568,0.316,0.221,Happy
38,7.139,1.341,1.504,0.891,0.617,0.242,0.224,Happy
39,7.246,1.376,1.475,1.016,0.532,0.244,0.226,Happy
40,5.212,1.024,0.938,0.64,0.37,0.161,0.078,Moderately Happy
41,5.291,1.124,0.76,0.545,0.353,0.179,0.056,Moderately Happy
42,5.234,1.154,1.152,0.541,0.398,0.045,0.181,Moderately Happy
43,5.201,1.024,1.161,0.603,0.43,0.031,0.176,Moderately Happy
44,5.208,1.043,1.147,0.769,0.351,0.035,0.182,Moderately Happy
45,5.96,1.324,1.216,0.747,0.455,0.306,0.174,Moderately Happy
46,6.218,1.44,0.944,0.657,0.474,0.258,0.171,Happy
47,6.087,1.488,1.323,0.653,0.537,0.173,0.257,Happy
48,6.105,1.338,1.366,0.698,0.594,0.243,0.123,Happy
49,6.199,1.362,1.368,0.871,0.536,0.255,0.11,Happy
50,4.694,0.398,0.431,0.602,0.408,0.126,0.212,Moderately Happy
51,4.643,0.542,0.247,0.53,0.398,0.126,0.191,Moderately Happy
52,4.608,0.587,0.735,0.533,0.478,0.172,0.124,Moderately Happy
53,4.5,0.532,0.85,0.579,0.58,0.153,0.144,Moderately Happy
54,4.456,0.562,0.928,0.723,0.527,0.166,0.143,Moderately Happy
55,5.813,1.032,1.233,0.736,0.379,0.191,0.11,Moderately Happy
56,5.802,1.131,1.05,0.631,0.291,0.175,0.139,Moderately Happy
57,5.569,1.157,1.445,0.638,0.295,0.155,0.156,Moderately Happy
58,5.483,1.039,1.498,0.7,0.307,0.101,0.154,Moderately Happy
59,5.323,1.067,1.465,0.789,0.235,0.094,0.142,Moderately Happy
60,6.937,1.308,1.286,0.897,0.585,0.225,0.223,Happy
61,6.929,1.425,1.052,0.82,0.514,0.262,0.242,Happy
62,6.891,1.464,1.462,0.818,0.54,0.232,0.251,Happy
63,6.927,1.324,1.483,0.894,0.583,0.188,0.24,Happy
64,6.923,1.356,1.504,0.986,0.473,0.16,0.21,Happy
65,5.323,0.9825,1.1265,0.6505,0.431,0.155,0.127,Moderately Happy
66,5.956,0.876,0.687,0.456,0.512,0.108,0.237,Moderately Happy
67,5.956,0.908,1.081,0.45,0.548,0.24,0.097,Moderately Happy
68,5.956,0.807,1.101,0.474,0.593,0.183,0.089,Moderately Happy
69,5.323,0.9825,1.1265,0.6505,0.431,0.155,0.127,Moderately Happy
70,3.34,0.287,0.354,0.319,0.485,0.08,0.183,Not Happy
71,3.484,0.395,0.104,0.21,0.397,0.067,0.202,Not Happy
72,3.657,0.431,0.435,0.21,0.426,0.208,0.061,Not Happy
73,4.141,0.378,0.372,0.24,0.44,0.163,0.067,Moderately Happy
74,4.883,0.393,0.437,0.397,0.349,0.175,0.082,Moderately Happy
75,5.253,0.77,1.104,0.574,0.532,0.154,0.48,Moderately Happy
76,5.196,0.853,0.908,0.498,0.461,0.162,0.485,Moderately Happy
77,5.011,0.885,1.34,0.496,0.502,0.474,0.173,Moderately Happy
78,5.082,0.796,1.335,0.527,0.541,0.364,0.171,Moderately Happy
79,5.082,0.813,1.321,0.604,0.457,0.37,0.167,Moderately Happy
80,5.89,0.681,0.978,0.539,0.574,0.088,0.205,Moderately Happy
81,5.822,0.794,0.838,0.47,0.51,0.077,0.217,Moderately Happy
82,5.823,0.834,1.228,0.474,0.559,0.226,0.06,Moderately Happy
83,5.752,0.751,1.223,0.508,0.606,0.141,0.054,Moderately Happy
84,5.779,0.776,1.209,0.706,0.511,0.137,0.064,Moderately Happy
85,4.949,0.832,0.919,0.791,0.092,0.002,0.248,Moderately Happy
86,5.163,0.934,0.644,0.708,0.095,0.0,0.299,Moderately Happy
87,5.182,0.982,1.069,0.705,0.204,0.329,0.0,Moderately Happy
88,5.129,0.915,1.078,0.758,0.28,0.216,0.0,Moderately Happy
89,5.386,0.945,1.212,0.845,0.212,0.263,0.006,Moderately Happy
90,4.332,0.994,1.105,0.048,0.495,0.125,0.105,Moderately Happy
91,3.974,1.094,0.892,0.348,0.441,0.108,0.124,Not Happy
92,3.766,1.122,1.222,0.342,0.505,0.099,0.099,Not Happy
93,3.59,1.017,1.174,0.417,0.557,0.042,0.092,Not Happy
94,3.488,1.041,1.145,0.538,0.455,0.025,0.1,Not Happy
95,6.983,0.981,1.233,0.697,0.49,0.175,0.146,Happy
96,6.952,1.088,1.039,0.614,0.404,0.142,0.158,Happy
97,6.635,1.107,1.431,0.617,0.437,0.162,0.111,Happy
98,6.419,0.986,1.474,0.675,0.493,0.11,0.088,Happy
99,6.3,1.004,1.439,0.802,0.39,0.099,0.086,Happy
100,4.218,1.012,1.106,0.766,0.306,0.009,0.119,Moderately Happy
101,4.217,1.113,0.925,0.678,0.212,0.006,0.128,Moderately Happy
102,4.714,1.161,1.434,0.708,0.289,0.113,0.011,Moderately Happy
103,4.933,1.054,1.515,0.712,0.359,0.064,0.009,Moderately Happy
104,5.011,1.092,1.513,0.815,0.311,0.081,0.004,Moderately Happy
105,3.587,0.258,0.852,0.271,0.395,0.128,0.217,Not Happy
106,3.739,0.32,0.631,0.213,0.334,0.125,0.244,Not Happy
107,4.032,0.35,1.043,0.216,0.324,0.251,0.12,Moderately Happy
108,4.424,0.314,1.097,0.254,0.312,0.175,0.128,Moderately Happy
109,4.587,0.331,1.056,0.38,0.255,0.177,0.113,Moderately Happy
110,2.905,0.015,0.416,0.224,0.119,0.101,0.197,Not Happy
111,2.905,0.068,0.234,0.157,0.043,0.094,0.203,Not Happy
112,2.905,0.092,0.63,0.152,0.06,0.204,0.084,Not Happy
113,2.905,0.091,0.627,0.145,0.065,0.149,0.076,Not Happy
114,3.775,0.046,0.447,0.38,0.22,0.176,0.18,Not Happy
115,3.819,0.46,0.627,0.611,0.662,0.072,0.404,Not Happy
116,3.907,0.556,0.538,0.425,0.589,0.081,0.403,Not Happy
117,4.168,0.602,1.006,0.43,0.633,0.386,0.068,Moderately Happy
118,4.433,0.549,1.088,0.457,0.696,0.256,0.065,Moderately Happy
119,4.7,0.574,1.122,0.637,0.609,0.232,0.062,Moderately Happy
120,4.252,0.423,0.888,0.234,0.493,0.058,0.206,Moderately Happy
121,4.513,0.525,0.625,0.127,0.427,0.061,0.227,Moderately Happy
122,4.695,0.564,0.946,0.133,0.43,0.236,0.051,Moderately Happy
123,4.975,0.535,0.891,0.182,0.454,0.183,0.043,Moderately Happy
124,5.044,0.549,0.91,0.331,0.381,0.187,0.037,Moderately Happy
125,7.427,1.326,1.323,0.906,0.633,0.33,0.458,Happy
126,7.404,1.44,1.096,0.828,0.574,0.313,0.448,Happy
127,7.316,1.479,1.481,0.835,0.611,0.436,0.287,Happy
128,7.328,1.33,1.532,0.896,0.653,0.321,0.291,Happy
129,7.278,1.365,1.505,1.039,0.584,0.285,0.308,Happy
130,3.678,0.079,0.0,0.067,0.489,0.083,0.238,Not Happy
131,5.323,0.9825,1.1265,0.6505,0.431,0.155,0.127,Moderately Happy
132,2.693,0.0,0.0,0.019,0.271,0.281,0.057,Not Happy
133,3.083,0.024,0.0,0.01,0.305,0.218,0.038,Not Happy
134,3.083,0.026,0.0,0.105,0.225,0.235,0.035,Not Happy
135,3.667,0.342,0.761,0.15,0.235,0.053,0.184,Not Happy
136,3.763,0.422,0.632,0.038,0.128,0.05,0.187,Not Happy
137,3.936,0.438,0.954,0.041,0.162,0.216,0.054,Not Happy
138,4.301,0.358,0.907,0.053,0.189,0.181,0.06,Moderately Happy
139,4.35,0.35,0.766,0.192,0.174,0.198,0.078,Moderately Happy
140,6.67,1.107,1.124,0.859,0.441,0.129,0.334,Happy
141,6.705,1.217,0.906,0.819,0.378,0.115,0.316,Happy
142,6.652,1.253,1.284,0.819,0.377,0.327,0.082,Happy
143,6.476,1.131,1.331,0.808,0.431,0.197,0.061,Happy
144,6.444,1.159,1.369,0.92,0.357,0.187,0.056,Happy
145,5.14,0.89,0.947,0.817,0.517,0.028,0.082,Moderately Happy
146,5.245,1.028,0.794,0.736,0.44,0.027,0.05,Moderately Happy
147,5.273,1.081,1.161,0.741,0.473,0.029,0.023,Moderately Happy
148,5.246,0.989,1.142,0.799,0.597,0.029,0.103,Moderately Happy
149,5.191,1.029,1.125,0.893,0.521,0.058,0.1,Moderately Happy
150,6.477,0.919,1.24,0.691,0.535,0.051,0.184,Happy
151,6.481,1.03,1.022,0.597,0.447,0.054,0.156,Happy
152,6.357,1.071,1.402,0.595,0.477,0.149,0.047,Happy
153,6.26,0.96,1.439,0.635,0.531,0.099,0.039,Happy
154,6.125,0.985,1.41,0.841,0.47,0.099,0.034,Happy
155,3.956,0.239,0.793,0.363,0.229,0.199,0.174,Not Happy
156,3.956,0.275,0.603,0.3,0.154,0.184,0.183,Not Happy
157,5.323,0.9825,1.1265,0.6505,0.431,0.155,0.127,Moderately Happy
158,5.323,0.9825,1.1265,0.6505,0.431,0.155,0.127,Moderately Happy
159,3.973,0.274,0.757,0.505,0.142,0.275,0.078,Not Happy
160,3.989,0.679,0.663,0.311,0.415,0.117,0.124,Not Happy
161,4.236,0.771,0.478,0.282,0.379,0.098,0.121,Moderately Happy
162,4.291,0.809,0.832,0.29,0.435,0.121,0.08,Moderately Happy
163,4.559,0.682,0.811,0.343,0.514,0.091,0.077,Moderately Happy
164,4.812,0.673,0.799,0.508,0.372,0.105,0.093,Moderately Happy
165,4.517,0.0,1.001,0.098,0.226,0.076,0.248,Moderately Happy
166,4.272,0.057,0.807,0.188,0.156,0.061,0.255,Moderately Happy
167,4.28,0.092,1.229,0.191,0.236,0.246,0.06,Moderately Happy
168,4.245,0.069,1.136,0.204,0.312,0.197,0.052,Moderately Happy
169,4.418,0.094,1.125,0.357,0.269,0.212,0.053,Moderately Happy
170,7.226,0.956,1.238,0.86,0.634,0.106,0.255,Happy
171,7.087,1.069,1.022,0.761,0.552,0.105,0.226,Happy
172,7.079,1.11,1.416,0.76,0.58,0.215,0.1,Happy
173,7.072,1.01,1.459,0.817,0.632,0.143,0.101,Happy
174,7.167,1.034,1.441,0.963,0.558,0.144,0.093,Happy
175,5.759,1.083,0.796,0.788,0.259,0.024,0.054,Moderately Happy
176,5.488,1.186,0.608,0.705,0.239,0.04,0.184,Moderately Happy
177,5.293,1.223,0.968,0.701,0.256,0.248,0.043,Moderately Happy
178,5.321,1.115,1.161,0.737,0.38,0.12,0.039,Moderately Happy
179,5.432,1.155,1.266,0.914,0.296,0.119,0.022,Moderately Happy
180,5.689,1.208,0.893,0.924,0.407,0.061,0.306,Moderately Happy
181,5.546,1.319,0.707,0.849,0.295,0.052,0.279,Moderately Happy
182,5.621,1.356,1.131,0.845,0.355,0.271,0.041,Moderately Happy
183,5.762,1.229,1.191,0.909,0.423,0.202,0.035,Moderately Happy
184,6.046,1.263,1.223,1.042,0.406,0.19,0.041,Happy
185,6.505,1.179,1.206,0.845,0.464,0.027,0.107,Happy
186,6.596,1.309,1.008,0.764,0.414,0.04,0.099,Happy
187,6.609,1.353,1.434,0.754,0.491,0.088,0.037,Happy
188,6.711,1.233,1.489,0.854,0.543,0.064,0.034,Happy
189,6.852,1.269,1.487,0.92,0.457,0.046,0.036,Happy
190,7.527,1.325,1.361,0.875,0.649,0.484,0.341,Happy
191,7.526,1.442,1.164,0.795,0.579,0.445,0.362,Happy
192,7.522,1.482,1.551,0.793,0.626,0.355,0.401,Happy
193,7.555,1.351,1.59,0.868,0.683,0.284,0.408,Happy
194,7.6,1.383,1.573,0.996,0.592,0.252,0.41,Happy
200,4.885,0.895,1.172,0.668,0.577,0.142,0.217,Moderately Happy
201,5.155,1.028,0.995,0.577,0.523,0.124,0.213,Moderately Happy
202,5.23,1.079,1.402,0.575,0.553,0.187,0.114,Moderately Happy
203,5.302,0.982,1.441,0.614,0.578,0.12,0.106,Moderately Happy
204,5.425,1.015,1.401,0.779,0.497,0.113,0.101,Moderately Happy
205,5.975,0.864,0.999,0.791,0.486,0.181,0.115,Moderately Happy
206,5.976,0.973,0.86,0.686,0.403,0.18,0.101,Moderately Happy
207,6.008,1.001,1.286,0.686,0.455,0.15,0.14,Happy
208,5.973,0.889,1.33,0.736,0.556,0.114,0.12,Moderately Happy
209,6.028,0.912,1.312,0.868,0.498,0.126,0.087,Happy
210,4.194,0.882,0.747,0.617,0.173,0.063,0.113,Moderately Happy
211,4.362,0.954,0.498,0.521,0.188,0.104,0.127,Moderately Happy
212,4.735,0.99,0.997,0.52,0.282,0.129,0.114,Moderately Happy
213,4.419,0.885,1.025,0.553,0.312,0.092,0.107,Moderately Happy
214,4.166,0.913,1.039,0.644,0.241,0.076,0.067,Moderately Happy
215,6.13,0.765,1.025,0.677,0.404,0.118,0.107,Happy
216,6.068,0.874,0.81,0.596,0.373,0.106,0.089,Happy
217,6.003,0.91,1.182,0.596,0.432,0.078,0.09,Happy
218,6.167,0.806,1.231,0.639,0.461,0.065,0.082,Happy
219,6.253,0.794,1.242,0.789,0.43,0.093,0.074,Happy
220,5.429,1.152,1.228,0.774,0.449,0.152,0.087,Moderately Happy
221,5.517,1.28,1.052,0.681,0.415,0.185,0.084,Moderately Happy
222,5.611,1.321,1.477,0.695,0.479,0.099,0.183,Moderately Happy
223,5.739,1.2,1.532,0.737,0.553,0.086,0.174,Moderately Happy
224,5.893,1.237,1.528,0.874,0.495,0.103,0.161,Moderately Happy
225,4.512,0.191,0.604,0.441,0.435,0.15,0.243,Moderately Happy
226,4.508,0.293,0.379,0.346,0.367,0.172,0.295,Moderately Happy
227,4.46,0.339,0.865,0.353,0.409,0.313,0.165,Moderately Happy
228,4.35,0.308,0.95,0.391,0.452,0.22,0.146,Moderately Happy
229,4.286,0.336,1.033,0.532,0.344,0.209,0.1,Moderately Happy
230,7.406,1.29,1.318,0.889,0.642,0.414,0.234,Happy
231,7.413,1.406,1.135,0.811,0.571,0.41,0.255,Happy
232,7.469,1.444,1.54,0.809,0.618,0.245,0.383,Happy
233,7.632,1.305,1.592,0.874,0.681,0.202,0.393,Happy
234,7.769,1.34,1.587,0.986,0.596,0.153,0.393,Happy
235,6.575,1.278,1.26,0.946,0.55,0.206,0.123,Happy
236,6.478,1.395,1.005,0.838,0.466,0.178,0.122,Happy
237,6.442,1.431,1.388,0.844,0.47,0.13,0.173,Happy
238,6.489,1.293,1.466,0.908,0.52,0.098,0.176,Happy
239,6.592,1.324,1.472,1.045,0.436,0.111,0.183,Happy
240,3.896,1.06,0.905,0.434,0.319,0.111,0.068,Not Happy
241,4.121,1.159,0.724,0.349,0.281,0.093,0.062,Moderately Happy
242,4.465,1.198,1.156,0.357,0.312,0.044,0.076,Moderately Happy
243,4.758,1.036,1.164,0.404,0.356,0.032,0.052,Moderately Happy
244,4.799,1.057,1.183,0.571,0.295,0.043,0.055,Moderately Happy
250,4.297,0.742,0.386,0.729,0.406,0.383,0.055,Moderately Happy
251,4.252,0.838,0.192,0.64,0.325,0.319,0.068,Moderately Happy
252,4.286,0.951,0.571,0.65,0.309,0.054,0.252,Moderately Happy
253,4.34,0.853,0.592,0.643,0.375,0.038,0.215,Moderately Happy
254,4.519,0.886,0.666,0.752,0.346,0.043,0.164,Moderately Happy
255,6.75,1.328,1.299,0.892,0.615,0.218,0.282,Happy
256,6.994,1.448,1.098,0.815,0.535,0.286,0.305,Happy
257,6.951,1.488,1.473,0.799,0.563,0.336,0.277,Happy
258,6.965,1.34,1.474,0.861,0.586,0.273,0.28,Happy
259,6.985,1.373,1.454,0.987,0.495,0.261,0.265,Happy
260,4.633,0.546,0.68,0.401,0.423,0.044,0.231,Moderately Happy
261,4.276,0.631,0.494,0.297,0.41,0.033,0.212,Moderately Happy
262,4.12,0.667,0.874,0.296,0.423,0.257,0.025,Moderately Happy
263,4.657,0.592,0.896,0.337,0.499,0.212,0.029,Moderately Happy
264,4.996,0.611,0.868,0.486,0.381,0.245,0.04,Moderately Happy
265,4.857,1.154,0.929,0.882,0.077,0.014,0.0,Moderately Happy
266,5.033,1.249,0.755,0.8,0.058,0.041,0.0,Moderately Happy
267,5.227,1.289,1.239,0.81,0.096,0.0,0.043,Moderately Happy
268,5.358,1.154,1.202,0.879,0.131,0.0,0.044,Moderately Happy
269,5.287,1.181,1.156,0.999,0.067,0.0,0.034,Moderately Happy
270,6.123,0.746,1.044,0.644,0.577,0.095,0.275,Happy
271,6.324,0.835,0.871,0.54,0.504,0.087,0.288,Happy
272,6.454,0.872,1.256,0.54,0.531,0.283,0.077,Happy
273,6.382,0.781,1.268,0.608,0.604,0.179,0.071,Happy
274,6.436,0.8,1.269,0.746,0.535,0.175,0.078,Happy
275,3.656,0.174,0.465,0.24,0.377,0.121,0.287,Not Happy
276,3.607,0.224,0.311,0.188,0.31,0.119,0.299,Not Happy
277,3.507,0.245,0.791,0.194,0.349,0.265,0.111,Not Happy
278,3.964,0.344,0.792,0.211,0.394,0.185,0.094,Not Happy
279,4.534,0.38,0.829,0.375,0.332,0.207,0.086,Moderately Happy
280,4.518,0.267,0.743,0.388,0.244,0.172,0.462,Moderately Happy
281,4.028,0.341,0.296,0.275,0.121,0.145,0.48,Moderately Happy
282,3.603,0.369,0.64,0.277,0.03,0.489,0.1,Not Happy
283,3.582,0.315,0.714,0.289,0.025,0.392,0.104,Not Happy
284,3.597,0.323,0.688,0.449,0.026,0.419,0.11,Not Happy
285,4.788,0.595,0.953,0.695,0.401,0.068,0.23,Moderately Happy
286,4.871,0.694,0.756,0.584,0.268,0.069,0.204,Moderately Happy
287,5.181,0.731,1.144,0.583,0.348,0.236,0.073,Moderately Happy
288,5.504,0.62,1.205,0.622,0.459,0.197,0.074,Moderately Happy
289,5.86,0.642,1.236,0.828,0.507,0.246,0.078,Moderately Happy
290,5.474,1.386,1.058,1.013,0.596,0.371,0.395,Moderately Happy
291,5.458,1.511,0.87,0.953,0.481,0.316,0.401,Moderately Happy
292,5.472,1.552,1.263,0.943,0.491,0.374,0.294,Moderately Happy
293,5.43,1.405,1.29,1.03,0.524,0.246,0.291,Moderately Happy
294,5.43,1.438,1.277,1.122,0.44,0.258,0.287,Moderately Happy
295,4.8,1.121,1.202,0.759,0.321,0.028,0.128,Moderately Happy
296,5.145,1.241,0.932,0.676,0.198,0.045,0.099,Moderately Happy
297,5.324,1.286,1.343,0.688,0.176,0.078,0.037,Moderately Happy
298,5.62,1.171,1.401,0.732,0.259,0.061,0.022,Moderately Happy
299,5.758,1.201,1.41,0.828,0.199,0.081,0.02,Moderately Happy
300,7.561,1.302,1.402,0.948,0.629,0.141,0.436,Happy
301,7.501,1.427,1.183,0.867,0.566,0.15,0.477,Happy
302,7.504,1.481,1.611,0.834,0.627,0.476,0.154,Happy
303,7.495,1.343,1.644,0.914,0.677,0.353,0.138,Happy
304,7.494,1.38,1.624,1.026,0.591,0.354,0.118,Happy
305,4.565,0.645,0.382,0.515,0.398,0.085,0.265,Moderately Happy
306,4.404,0.74,0.292,0.451,0.403,0.087,0.25,Moderately Happy
307,4.315,0.792,0.754,0.455,0.47,0.232,0.092,Moderately Happy
308,4.19,0.721,0.747,0.485,0.539,0.172,0.093,Moderately Happy
309,4.015,0.755,0.765,0.588,0.498,0.2,0.085,Moderately Happy
310,5.399,0.828,1.087,0.638,0.466,0.0,0.515,Moderately Happy
311,5.314,0.951,0.876,0.494,0.392,0.003,0.565,Moderately Happy
312,5.262,0.996,1.274,0.492,0.443,0.612,0.015,Moderately Happy
313,5.093,0.899,1.215,0.522,0.538,0.484,0.018,Moderately Happy
314,5.192,0.931,1.203,0.66,0.491,0.498,0.028,Moderately Happy
315,4.686,1.009,0.544,0.698,0.3,0.059,0.381,Moderately Happy
316,4.813,1.118,0.389,0.642,0.225,0.056,0.385,Moderately Happy
317,4.692,1.157,0.712,0.639,0.249,0.387,0.049,Moderately Happy
318,4.707,1.059,0.771,0.691,0.459,0.282,0.129,Moderately Happy
319,4.548,1.1,0.842,0.785,0.305,0.27,0.125,Moderately Happy
320,4.677,0.985,0.819,0.602,0.0,0.138,0.179,Moderately Happy
321,4.575,1.075,0.592,0.511,0.249,0.136,0.196,Moderately Happy
322,4.497,1.103,0.979,0.501,0.289,0.2,0.107,Moderately Happy
323,4.456,1.01,0.971,0.536,0.304,0.148,0.095,Moderately Happy
324,4.437,1.043,0.98,0.574,0.241,0.148,0.089,Moderately Happy
325,6.94,1.336,1.369,0.895,0.618,0.287,0.459,Happy
326,6.907,1.483,1.162,0.815,0.54,0.298,0.45,Happy
327,6.977,1.536,1.558,0.81,0.573,0.428,0.298,Happy
328,6.977,1.448,1.583,0.876,0.614,0.307,0.306,Happy
329,7.021,1.499,1.553,0.999,0.516,0.298,0.31,Happy
330,7.278,1.229,1.224,0.914,0.413,0.078,0.332,Happy
331,7.267,1.338,0.995,0.849,0.364,0.087,0.323,Happy
332,7.213,1.375,1.376,0.838,0.406,0.33,0.085,Happy
333,6.814,1.301,1.559,0.883,0.533,0.354,0.272,Happy
334,7.139,1.276,1.455,1.029,0.371,0.261,0.082,Happy
335,5.948,1.251,1.198,0.954,0.262,0.029,0.228,Moderately Happy
336,5.977,1.355,1.042,0.851,0.188,0.026,0.167,Moderately Happy
337,5.964,1.395,1.445,0.853,0.256,0.173,0.028,Moderately Happy
338,6.0,1.264,1.501,0.946,0.281,0.137,0.028,Happy
339,6.223,1.294,1.488,1.039,0.231,0.158,0.03,Happy
340,3.655,0.465,0.771,0.152,0.469,0.179,0.202,Not Happy
341,3.916,0.555,0.576,0.045,0.407,0.155,0.203,Not Happy
342,4.18,0.603,0.905,0.049,0.448,0.201,0.13,Moderately Happy
343,4.671,0.541,0.872,0.08,0.467,0.146,0.103,Moderately Happy
344,4.944,0.569,0.808,0.232,0.352,0.154,0.09,Moderately Happy
345,5.709,0.81,1.151,0.687,0.504,0.023,0.212,Moderately Happy
346,5.51,0.893,0.964,0.595,0.436,0.043,0.222,Moderately Happy
347,5.311,0.926,1.368,0.641,0.474,0.234,0.055,Moderately Happy
348,5.89,0.819,1.493,0.693,0.575,0.096,0.031,Moderately Happy
349,5.89,0.831,1.478,0.831,0.49,0.107,0.028,Moderately Happy
350,5.987,1.271,1.257,0.991,0.496,0.181,0.107,Moderately Happy
351,5.921,1.38,1.061,0.915,0.468,0.19,0.102,Moderately Happy
352,5.92,1.417,1.436,0.913,0.506,0.121,0.164,Moderately Happy
353,5.915,1.294,1.462,0.988,0.553,0.079,0.15,Moderately Happy
354,5.886,1.327,1.419,1.088,0.445,0.069,0.14,Moderately Happy
355,5.192,0.902,1.054,0.696,0.407,0.143,0.111,Moderately Happy
356,5.303,0.997,0.862,0.607,0.36,0.133,0.143,Moderately Happy
357,5.336,0.991,1.239,0.605,0.418,0.172,0.12,Moderately Happy
358,5.161,0.822,1.265,0.645,0.468,0.13,0.134,Moderately Happy
359,4.906,0.837,1.225,0.815,0.383,0.11,0.13,Moderately Happy
360,5.855,1.123,1.122,0.644,0.516,0.085,0.118,Moderately Happy
361,5.919,1.229,0.955,0.574,0.405,0.111,0.15,Moderately Happy
362,5.819,1.285,1.384,0.606,0.437,0.202,0.119,Moderately Happy
363,5.79,1.143,1.516,0.631,0.454,0.148,0.121,Moderately Happy
364,5.809,1.173,1.508,0.729,0.41,0.146,0.096,Moderately Happy
365,4.419,0.365,0.999,0.414,0.422,0.058,0.375,Moderately Happy
366,4.356,0.523,0.762,0.301,0.406,0.067,0.413,Moderately Happy
367,4.553,0.56,1.068,0.31,0.453,0.445,0.065,Moderately Happy
368,4.41,0.493,1.048,0.454,0.504,0.352,0.055,Moderately Happy
369,4.509,0.512,0.983,0.581,0.431,0.372,0.053,Moderately Happy
370,5.589,0.801,0.812,0.631,0.247,0.047,0.283,Moderately Happy
371,5.401,0.901,0.661,0.54,0.144,0.065,0.28,Moderately Happy
372,5.279,0.951,1.138,0.541,0.26,0.32,0.057,Moderately Happy
373,5.662,0.855,1.23,0.578,0.448,0.274,0.023,Moderately Happy
374,6.1,0.882,1.232,0.758,0.489,0.262,0.006,Happy
375,6.295,1.554,1.166,0.725,0.555,0.256,0.162,Happy
376,6.239,1.617,0.878,0.636,0.432,0.237,0.16,Happy
377,6.105,1.633,1.26,0.632,0.496,0.228,0.215,Happy
378,6.083,1.474,1.301,0.675,0.554,0.167,0.106,Happy
379,6.021,1.5,1.319,0.808,0.493,0.142,0.097,Happy
380,5.286,0.474,1.151,0.651,0.435,0.042,0.3,Moderately Happy
381,5.185,0.56,0.954,0.554,0.402,0.048,0.384,Moderately Happy
382,5.004,0.596,1.394,0.553,0.455,0.429,0.039,Moderately Happy
383,5.131,0.53,1.416,0.594,0.54,0.281,0.035,Moderately Happy
384,5.261,0.551,1.438,0.723,0.508,0.3,0.023,Moderately Happy
385,4.876,0.591,0.738,0.549,0.596,0.242,0.422,Moderately Happy
386,4.876,0.68,0.55,0.383,0.522,0.224,0.431,Moderately Happy
387,5.323,0.9825,1.1265,0.6505,0.431,0.155,0.127,Moderately Happy
388,4.623,0.72,1.034,0.441,0.626,0.23,0.174,Moderately Happy
389,4.796,0.764,1.03,0.551,0.547,0.266,0.164,Moderately Happy
390,5.098,1.113,1.096,0.724,0.297,0.063,0.182,Moderately Happy
391,5.56,1.218,0.95,0.64,0.28,0.089,0.174,Moderately Happy
392,5.85,1.261,1.405,0.639,0.326,0.153,0.074,Moderately Happy
393,5.933,1.148,1.454,0.671,0.363,0.092,0.066,Moderately Happy
394,5.94,1.187,1.465,0.812,0.264,0.075,0.064,Moderately Happy
395,4.839,1.026,0.8,0.839,0.339,0.046,0.219,Moderately Happy
396,5.129,1.123,0.642,0.762,0.262,0.031,0.237,Moderately Happy
397,5.225,1.075,1.13,0.735,0.289,0.264,0.038,Moderately Happy
398,5.358,0.965,1.179,0.785,0.503,0.214,0.136,Moderately Happy
399,5.197,0.987,1.224,0.815,0.216,0.166,0.027,Moderately Happy
400,4.898,0.375,1.041,0.076,0.318,0.125,0.164,Moderately Happy
401,5.323,0.9825,1.1265,0.6505,0.431,0.155,0.127,Moderately Happy
402,3.808,0.521,1.19,0.0,0.391,0.157,0.119,Not Happy
403,3.808,0.472,1.215,0.079,0.423,0.116,0.112,Not Happy
404,3.802,0.489,1.169,0.168,0.359,0.107,0.093,Not Happy
405,4.571,0.071,0.79,0.342,0.285,0.062,0.244,Moderately Happy
406,3.622,0.107,0.504,0.232,0.257,0.049,0.241,Not Happy
407,3.533,0.119,0.872,0.23,0.333,0.267,0.039,Not Happy
408,3.495,0.076,0.858,0.267,0.419,0.206,0.03,Not Happy
409,3.975,0.073,0.922,0.443,0.37,0.233,0.033,Not Happy
410,5.754,1.131,1.119,0.704,0.417,0.11,0.183,Moderately Happy
411,5.615,1.067,0.951,0.523,0.407,0.103,0.171,Moderately Happy
412,5.525,1.102,1.358,0.52,0.466,0.152,0.093,Moderately Happy
413,5.566,0.985,1.35,0.553,0.496,0.116,0.148,Moderately Happy
414,5.525,1.044,1.303,0.673,0.416,0.133,0.152,Moderately Happy
415,5.833,1.147,1.257,0.731,0.213,0.01,0.026,Moderately Happy
416,5.813,1.269,1.064,0.647,0.189,0.018,0.02,Moderately Happy
417,5.902,1.315,1.474,0.629,0.234,0.01,0.012,Moderately Happy
418,5.952,1.197,1.527,0.716,0.35,0.026,0.006,Moderately Happy
419,6.149,1.238,1.515,0.818,0.291,0.043,0.042,Happy
420,6.946,1.564,1.22,0.919,0.616,0.378,0.28,Happy
421,6.871,1.698,1.04,0.845,0.549,0.353,0.276,Happy
422,6.863,1.742,1.458,0.845,0.597,0.283,0.319,Happy
423,6.91,1.576,1.52,0.896,0.632,0.196,0.321,Happy
424,7.09,1.609,1.479,1.012,0.526,0.194,0.316,Happy
425,3.681,0.208,0.668,0.467,0.192,0.081,0.213,Not Happy
426,3.695,0.28,0.461,0.371,0.137,0.075,0.22,Not Happy
427,3.644,0.306,0.913,0.375,0.189,0.209,0.067,Not Happy
428,3.774,0.262,0.908,0.402,0.221,0.155,0.049,Not Happy
429,3.933,0.274,0.916,0.555,0.148,0.169,0.041,Not Happy
430,4.292,0.016,0.411,0.226,0.431,0.07,0.331,Moderately Happy
431,4.156,0.087,0.147,0.294,0.414,0.076,0.31,Moderately Happy
432,3.97,0.233,0.513,0.315,0.467,0.287,0.073,Not Happy
433,3.587,0.186,0.541,0.306,0.531,0.21,0.08,Not Happy
434,3.41,0.191,0.56,0.495,0.443,0.218,0.089,Not Happy
435,5.77,1.125,1.07,0.724,0.53,0.105,0.331,Moderately Happy
436,6.005,1.251,0.88,0.624,0.39,0.091,0.415,Happy
437,6.084,1.291,1.285,0.619,0.402,0.417,0.066,Happy
438,6.322,1.161,1.258,0.669,0.356,0.311,0.059,Happy
439,5.339,1.221,1.171,0.828,0.508,0.26,0.024,Moderately Happy
440,3.995,0.261,1.035,0.206,0.389,0.124,0.188,Not Happy
441,4.073,0.313,0.863,0.163,0.275,0.136,0.211,Moderately Happy
442,4.19,0.476,1.281,0.169,0.307,0.183,0.105,Moderately Happy
443,4.447,0.37,1.233,0.152,0.367,0.139,0.056,Moderately Happy
444,4.39,0.385,1.105,0.308,0.327,0.153,0.052,Moderately Happy
445,6.302,1.207,1.302,0.887,0.604,0.136,0.518,Happy
446,6.488,1.308,1.099,0.803,0.55,0.176,0.562,Happy
447,6.527,1.343,1.488,0.822,0.589,0.575,0.153,Happy
448,6.627,1.27,1.525,0.884,0.645,0.376,0.142,Happy
449,6.726,1.3,1.52,0.999,0.564,0.375,0.151,Happy
450,4.436,0.454,0.869,0.359,0.242,0.175,0.219,Moderately Happy
451,4.201,0.614,0.841,0.286,0.127,0.18,0.227,Moderately Happy
452,4.292,0.648,1.272,0.285,0.096,0.202,0.137,Moderately Happy
453,4.356,0.557,1.245,0.292,0.129,0.134,0.093,Moderately Happy
454,4.49,0.57,1.167,0.489,0.066,0.106,0.088,Moderately Happy
455,5.477,1.008,0.985,0.71,0.561,0.075,0.377,Moderately Happy
456,5.648,1.144,0.757,0.662,0.461,0.052,0.37,Moderately Happy
457,5.629,1.189,1.21,0.638,0.491,0.361,0.042,Moderately Happy
458,5.891,1.09,1.387,0.684,0.584,0.245,0.05,Moderately Happy
459,5.888,1.12,1.402,0.798,0.498,0.215,0.06,Moderately Happy
460,7.187,1.021,0.915,0.814,0.482,0.213,0.141,Happy
461,6.778,1.115,0.715,0.711,0.377,0.184,0.117,Happy
462,6.578,1.153,1.211,0.71,0.413,0.121,0.133,Happy
463,6.488,1.038,1.252,0.761,0.479,0.069,0.095,Happy
464,6.595,1.07,1.323,0.861,0.433,0.074,0.073,Happy
465,5.889,0.594,1.015,0.618,0.328,0.016,0.21,Moderately Happy
466,5.897,0.692,0.831,0.523,0.252,0.019,0.2,Moderately Happy
467,5.838,0.729,1.252,0.589,0.241,0.209,0.01,Moderately Happy
468,5.64,0.657,1.301,0.62,0.232,0.171,0.0,Moderately Happy
469,5.529,0.685,1.328,0.739,0.245,0.181,0.0,Moderately Happy
470,4.874,0.828,1.301,0.603,0.436,0.027,0.332,Moderately Happy
471,4.907,0.989,1.09,0.555,0.36,0.033,0.345,Moderately Happy
472,4.955,1.027,1.493,0.558,0.394,0.338,0.033,Moderately Happy
473,5.125,0.914,1.517,0.575,0.395,0.253,0.032,Moderately Happy
474,5.285,0.948,1.531,0.667,0.317,0.235,0.038,Moderately Happy
475,5.192,0.974,0.906,0.725,0.183,0.143,0.161,Moderately Happy
476,5.161,1.078,0.742,0.635,0.151,0.127,0.172,Moderately Happy
477,5.237,1.121,1.238,0.667,0.195,0.198,0.088,Moderately Happy
478,5.347,1.017,1.279,0.729,0.259,0.111,0.081,Moderately Happy
479,5.523,1.051,1.361,0.871,0.197,0.142,0.08,Moderately Happy
480,5.013,0.735,0.641,0.61,0.417,0.085,0.072,Moderately Happy
481,5.151,0.841,0.386,0.595,0.256,0.084,0.041,Moderately Happy
482,5.235,0.878,0.775,0.598,0.408,0.032,0.088,Moderately Happy
483,5.254,0.779,0.797,0.669,0.46,0.026,0.074,Moderately Happy
484,5.208,0.801,0.782,0.782,0.418,0.036,0.076,Moderately Happy
485,4.971,0.083,1.026,0.091,0.34,0.156,0.223,Moderately Happy
486,5.323,0.9825,1.1265,0.6505,0.431,0.155,0.127,Moderately Happy
487,4.55,0.234,0.871,0.107,0.481,0.322,0.179,Moderately Happy
488,4.417,0.198,0.902,0.173,0.531,0.206,0.158,Moderately Happy
489,4.466,0.204,0.986,0.39,0.494,0.197,0.138,Moderately Happy
490,4.307,0.271,0.709,0.482,0.44,0.19,0.796,Moderately Happy
491,4.395,0.341,0.7,0.399,0.427,0.202,0.82,Moderately Happy
492,4.545,0.367,1.123,0.398,0.514,0.838,0.189,Moderately Happy
493,4.308,0.682,1.174,0.429,0.58,0.598,0.178,Moderately Happy
494,4.36,0.71,1.181,0.555,0.525,0.566,0.172,Moderately Happy
495,5.323,0.9825,1.1265,0.6505,0.431,0.155,0.127,Moderately Happy
496,4.574,0.933,0.704,0.347,0.486,0.104,0.078,Moderately Happy
497,4.574,0.964,1.098,0.339,0.52,0.077,0.093,Moderately Happy
498,4.441,0.874,1.281,0.365,0.519,0.051,0.064,Moderately Happy
499,4.639,0.879,1.313,0.477,0.401,0.07,0.056,Moderately Happy
500,4.514,0.36,0.864,0.569,0.383,0.059,0.323,Moderately Happy
501,4.793,0.446,0.697,0.501,0.37,0.07,0.382,Moderately Happy
502,4.962,0.48,1.179,0.504,0.44,0.394,0.073,Moderately Happy
503,4.88,0.425,1.228,0.539,0.526,0.302,0.078,Moderately Happy
504,4.913,0.446,1.226,0.677,0.439,0.285,0.089,Moderately Happy
505,7.378,1.329,1.28,0.893,0.616,0.318,0.476,Happy
506,7.339,1.465,1.029,0.812,0.552,0.299,0.474,Happy
507,7.377,1.504,1.429,0.811,0.585,0.47,0.283,Happy
508,7.441,1.361,1.488,0.878,0.638,0.333,0.295,Happy
509,7.488,1.396,1.522,0.999,0.557,0.322,0.298,Happy
510,7.286,1.25,1.32,0.908,0.639,0.429,0.475,Happy
511,7.334,1.361,1.173,0.831,0.581,0.419,0.494,Happy
512,7.314,1.406,1.548,0.817,0.614,0.5,0.383,Happy
513,7.324,1.268,1.601,0.876,0.669,0.365,0.389,Happy
514,7.307,1.303,1.557,1.026,0.585,0.33,0.38,Happy
515,5.828,0.593,1.142,0.743,0.555,0.193,0.278,Moderately Happy
516,5.992,0.694,0.895,0.652,0.466,0.163,0.298,Moderately Happy
517,6.071,0.737,1.287,0.653,0.448,0.302,0.131,Happy
518,6.141,0.668,1.319,0.7,0.527,0.208,0.128,Happy
519,6.105,0.694,1.325,0.835,0.435,0.2,0.127,Happy
520,3.845,0.069,0.773,0.297,0.477,0.156,0.194,Not Happy
521,3.856,0.133,0.605,0.262,0.38,0.172,0.21,Not Happy
522,4.028,0.162,0.993,0.269,0.364,0.229,0.139,Moderately Happy
523,4.166,0.131,0.867,0.221,0.39,0.175,0.099,Moderately Happy
524,4.628,0.138,0.774,0.366,0.318,0.188,0.102,Moderately Happy
525,5.268,0.654,0.904,0.16,0.343,0.04,0.272,Moderately Happy
526,4.875,0.752,0.645,0.051,0.279,0.031,0.232,Moderately Happy
527,5.074,0.784,1.216,0.057,0.395,0.231,0.026,Moderately Happy
528,5.155,0.689,1.172,0.048,0.462,0.201,0.032,Moderately Happy
529,5.265,0.696,1.111,0.245,0.426,0.215,0.041,Moderately Happy
530,5.007,0.919,1.002,0.735,0.335,0.053,0.224,Moderately Happy
531,5.121,1.019,0.782,0.647,0.277,0.07,0.235,Moderately Happy
532,5.175,1.065,1.208,0.645,0.326,0.254,0.06,Moderately Happy
533,5.185,0.959,1.239,0.691,0.394,0.173,0.052,Moderately Happy
534,5.274,0.983,1.294,0.838,0.345,0.185,0.034,Moderately Happy
535,5.695,1.208,1.07,0.924,0.49,0.143,0.262,Moderately Happy
536,5.771,1.311,0.818,0.841,0.436,0.166,0.263,Moderately Happy
537,5.81,1.347,1.186,0.835,0.471,0.267,0.155,Moderately Happy
538,5.835,1.229,1.211,0.909,0.495,0.179,0.154,Moderately Happy
539,5.718,1.263,1.252,1.042,0.417,0.191,0.162,Moderately Happy
540,7.522,1.459,1.331,0.885,0.67,0.365,0.347,Happy
541,7.498,1.577,1.127,0.796,0.596,0.358,0.379,Happy
542,7.537,1.616,1.534,0.797,0.635,0.362,0.316,Happy
543,7.594,1.456,1.582,0.861,0.686,0.286,0.34,Happy
544,7.554,1.488,1.582,1.028,0.603,0.271,0.341,Happy
550,5.194,0.595,0.414,0.515,0.121,0.105,0.337,Moderately Happy
551,5.132,0.688,0.261,0.403,0.146,0.139,0.312,Moderately Happy
552,5.269,0.727,0.673,0.402,0.235,0.315,0.124,Moderately Happy
553,5.472,0.652,0.81,0.424,0.334,0.216,0.113,Moderately Happy
554,5.653,0.677,0.886,0.535,0.313,0.22,0.098,Moderately Happy
555,4.715,0.599,0.926,0.66,0.245,0.129,0.113,Moderately Happy
556,4.754,0.67,0.716,0.568,0.177,0.106,0.112,Moderately Happy
557,4.775,0.716,1.156,0.566,0.255,0.114,0.089,Moderately Happy
558,4.743,0.642,1.217,0.602,0.266,0.086,0.076,Moderately Happy
559,4.696,0.657,1.247,0.672,0.225,0.103,0.066,Moderately Happy
560,6.786,1.064,1.199,0.797,0.542,0.093,0.244,Happy
561,6.701,1.183,0.989,0.708,0.489,0.084,0.242,Happy
562,6.452,1.234,1.373,0.706,0.55,0.211,0.071,Happy
563,6.43,1.112,1.438,0.759,0.597,0.125,0.063,Happy
564,6.321,1.149,1.442,0.91,0.516,0.109,0.054,Happy
565,5.878,0.76,1.305,0.661,0.539,0.082,0.342,Moderately Happy
566,5.538,0.894,1.111,0.583,0.462,0.074,0.253,Moderately Happy
567,5.493,0.933,1.507,0.579,0.474,0.224,0.091,Moderately Happy
568,5.681,0.835,1.522,0.615,0.541,0.162,0.074,Moderately Happy
569,5.743,0.855,1.475,0.777,0.514,0.184,0.08,Moderately Happy
570,5.824,0.9,0.975,0.73,0.415,0.06,0.15,Moderately Happy
571,5.743,0.996,0.813,0.63,0.375,0.053,0.145,Moderately Happy
572,5.715,1.035,1.219,0.63,0.45,0.127,0.047,Moderately Happy
573,5.663,0.934,1.249,0.674,0.53,0.092,0.034,Moderately Happy
574,5.697,0.96,1.274,0.854,0.455,0.083,0.027,Moderately Happy
575,5.073,0.705,1.035,0.581,0.625,0.123,0.25,Moderately Happy
576,5.279,0.812,0.879,0.47,0.549,0.118,0.217,Moderately Happy
577,5.43,0.858,1.254,0.468,0.585,0.194,0.099,Moderately Happy
578,5.524,0.775,1.312,0.513,0.643,0.12,0.105,Moderately Happy
579,5.631,0.807,1.293,0.657,0.558,0.117,0.107,Moderately Happy
580,5.791,1.126,1.279,0.779,0.531,0.042,0.168,Moderately Happy
581,5.835,1.246,1.047,0.691,0.452,0.055,0.144,Moderately Happy
582,5.973,1.292,1.446,0.699,0.52,0.158,0.059,Moderately Happy
583,6.123,1.176,1.448,0.781,0.546,0.108,0.064,Happy
584,6.182,1.206,1.438,0.884,0.483,0.117,0.05,Happy
585,5.102,1.16,1.139,0.875,0.515,0.011,0.137,Moderately Happy
586,5.123,1.276,0.944,0.794,0.447,0.015,0.117,Moderately Happy
587,5.195,1.315,1.367,0.796,0.498,0.095,0.016,Moderately Happy
588,5.41,1.188,1.429,0.884,0.562,0.055,0.017,Moderately Happy
589,5.693,1.221,1.431,0.999,0.508,0.047,0.025,Moderately Happy
595,6.611,1.69,1.079,0.797,0.64,0.522,0.326,Happy
596,6.375,1.824,0.88,0.717,0.567,0.48,0.324,Happy
597,6.375,1.871,1.274,0.71,0.604,0.33,0.439,Happy
598,6.374,1.649,1.303,0.748,0.654,0.256,0.171,Happy
599,6.374,1.684,1.313,0.871,0.555,0.22,0.167,Happy
600,5.124,1.043,0.886,0.769,0.351,0.006,0.137,Moderately Happy
601,5.528,1.17,0.728,0.676,0.367,0.007,0.129,Moderately Happy
602,5.825,1.218,1.15,0.685,0.457,0.134,0.004,Moderately Happy
603,5.945,1.116,1.219,0.726,0.528,0.088,0.001,Moderately Happy
604,6.07,1.162,1.232,0.825,0.462,0.083,0.005,Happy
605,5.716,1.138,1.236,0.669,0.367,0.03,0.002,Moderately Happy
606,5.856,1.232,1.053,0.59,0.327,0.036,0.027,Moderately Happy
607,5.963,1.282,1.469,0.547,0.374,0.052,0.033,Moderately Happy
608,5.81,1.151,1.479,0.599,0.399,0.065,0.025,Moderately Happy
609,5.648,1.183,1.452,0.726,0.334,0.082,0.031,Moderately Happy
610,3.465,0.222,0.774,0.429,0.592,0.552,0.226,Not Happy
611,3.515,0.328,0.616,0.319,0.543,0.505,0.236,Not Happy
612,3.471,0.369,0.946,0.326,0.582,0.253,0.455,Not Happy
613,3.408,0.332,0.896,0.4,0.636,0.2,0.444,Not Happy
614,3.334,0.359,0.711,0.614,0.555,0.217,0.411,Not Happy
615,6.411,1.395,1.084,0.72,0.31,0.325,0.137,Happy
616,6.379,1.49,0.848,0.593,0.379,0.3,0.155,Happy
617,6.344,1.531,1.287,0.59,0.45,0.148,0.273,Happy
618,6.371,1.379,1.331,0.633,0.509,0.098,0.127,Happy
619,6.375,1.403,1.357,0.795,0.439,0.08,0.132,Happy
620,3.904,0.365,0.976,0.435,0.368,0.107,0.208,Not Happy
621,4.219,0.443,0.774,0.405,0.311,0.117,0.191,Moderately Happy
622,4.535,0.479,1.18,0.409,0.378,0.183,0.115,Moderately Happy
623,4.631,0.429,1.117,0.433,0.406,0.138,0.082,Moderately Happy
624,4.681,0.45,1.134,0.571,0.292,0.153,0.072,Moderately Happy
625,5.123,0.921,1.01,0.748,0.201,0.026,0.192,Moderately Happy
626,5.177,1.034,0.813,0.646,0.157,0.043,0.207,Moderately Happy
627,5.395,1.069,1.258,0.651,0.209,0.22,0.041,Moderately Happy
628,5.398,0.975,1.369,0.685,0.288,0.134,0.043,Moderately Happy
629,5.603,1.004,1.383,0.854,0.282,0.137,0.039,Moderately Happy
630,4.507,0.33,0.956,0.0,0.408,0.088,0.215,Moderately Happy
631,4.635,0.365,0.628,0.0,0.307,0.082,0.239,Moderately Happy
632,4.709,0.368,0.984,0.006,0.319,0.293,0.071,Moderately Happy
633,4.571,0.256,0.813,0.0,0.355,0.238,0.053,Moderately Happy
634,4.374,0.268,0.841,0.242,0.309,0.252,0.045,Moderately Happy
635,6.798,1.522,1.02,1.025,0.543,0.492,0.311,Happy
636,6.739,1.646,0.868,0.947,0.488,0.47,0.327,Happy
637,6.572,1.692,1.354,0.949,0.55,0.346,0.464,Happy
638,6.343,1.529,1.451,1.008,0.631,0.261,0.457,Happy
639,6.262,1.572,1.463,1.141,0.556,0.271,0.453,Happy
640,5.995,1.169,1.27,0.789,0.318,0.034,0.169,Moderately Happy
641,6.078,1.28,1.083,0.704,0.234,0.029,0.138,Happy
642,6.098,1.325,1.505,0.713,0.296,0.137,0.024,Happy
643,6.173,1.21,1.537,0.776,0.354,0.118,0.014,Happy
644,6.198,1.246,1.504,0.881,0.334,0.121,0.014,Happy
645,5.848,1.185,1.274,0.873,0.609,0.038,0.253,Moderately Happy
646,5.768,1.299,1.056,0.792,0.532,0.036,0.257,Moderately Happy
647,5.758,1.341,1.453,0.791,0.573,0.243,0.045,Moderately Happy
648,5.948,1.219,1.506,0.856,0.633,0.16,0.051,Moderately Happy
649,6.118,1.258,1.523,0.953,0.564,0.144,0.057,Happy
650,5.323,0.9825,1.1265,0.6505,0.431,0.155,0.127,Moderately Happy
651,5.44,0.0,0.336,0.115,0.568,0.312,0.272,Moderately Happy
652,5.151,0.023,0.721,0.114,0.602,0.292,0.282,Moderately Happy
653,4.982,0.0,0.712,0.115,0.674,0.238,0.282,Moderately Happy
654,4.668,0.0,0.698,0.268,0.559,0.243,0.27,Moderately Happy
660,4.642,0.92,1.185,0.277,0.332,0.089,0.12,Moderately Happy
661,4.459,1.024,0.961,0.186,0.425,0.084,0.137,Moderately Happy
662,4.829,1.055,1.385,0.187,0.479,0.139,0.073,Moderately Happy
663,4.724,0.94,1.41,0.33,0.516,0.103,0.056,Moderately Happy
664,4.722,0.96,1.351,0.469,0.389,0.13,0.055,Moderately Happy
665,5.984,1.245,0.958,0.965,0.332,0.079,0.186,Moderately Happy
666,5.835,1.359,0.722,0.886,0.252,0.077,0.188,Moderately Happy
667,5.838,1.402,1.128,0.9,0.258,0.207,0.063,Moderately Happy
668,5.875,1.266,1.204,0.955,0.244,0.175,0.051,Moderately Happy
669,5.895,1.301,1.219,1.036,0.159,0.175,0.056,Moderately Happy
670,5.323,0.9825,1.1265,0.6505,0.431,0.155,0.127,Moderately Happy
671,3.832,0.394,0.185,0.158,0.197,0.13,0.259,Not Happy
672,3.591,0.397,0.601,0.163,0.147,0.286,0.117,Not Happy
673,3.254,0.337,0.608,0.177,0.112,0.224,0.106,Not Happy
674,2.853,0.306,0.575,0.295,0.01,0.202,0.091,Not Happy
675,6.329,1.23,1.314,0.956,0.46,0.064,0.182,Happy
676,6.361,1.343,1.129,0.879,0.375,0.061,0.177,Happy
677,6.403,1.384,1.532,0.889,0.409,0.19,0.071,Happy
678,6.31,1.251,1.538,0.965,0.449,0.142,0.074,Happy
679,6.354,1.286,1.484,1.062,0.362,0.153,0.079,Happy
680,4.271,0.835,1.019,0.708,0.537,0.092,0.408,Moderately Happy
681,4.415,0.973,0.848,0.62,0.508,0.08,0.47,Moderately Happy
682,4.44,1.01,1.26,0.625,0.561,0.491,0.074,Moderately Happy
683,4.471,0.918,1.314,0.672,0.585,0.307,0.05,Moderately Happy
684,4.366,0.949,1.265,0.831,0.47,0.244,0.047,Moderately Happy
685,4.55,0.521,1.014,0.369,0.101,0.147,0.191,Moderately Happy
686,4.139,0.631,0.819,0.298,0.0,0.1,0.181,Moderately Happy
687,4.139,0.66,1.214,0.291,0.015,0.182,0.09,Moderately Happy
688,4.139,0.605,1.24,0.312,0.016,0.134,0.082,Moderately Happy
689,5.323,0.9825,1.1265,0.6505,0.431,0.155,0.127,Moderately Happy
700,7.364,1.332,1.289,0.911,0.66,0.438,0.363,Happy
701,7.291,1.452,1.088,0.831,0.582,0.409,0.383,Happy
702,7.284,1.494,1.478,0.831,0.613,0.385,0.384,Happy
703,7.314,1.355,1.501,0.913,0.659,0.285,0.383,Happy
704,7.343,1.387,1.487,1.009,0.574,0.267,0.373,Happy
705,7.587,1.397,1.35,0.941,0.666,0.42,0.297,Happy
706,7.509,1.527,1.145,0.863,0.586,0.412,0.281,Happy
707,7.494,1.565,1.517,0.858,0.62,0.291,0.367,Happy
708,7.487,1.42,1.549,0.927,0.66,0.256,0.357,Happy
709,7.48,1.452,1.526,1.052,0.572,0.263,0.343,Happy
710,3.006,0.663,0.475,0.722,0.157,0.189,0.472,Not Happy
711,3.069,0.747,0.149,0.63,0.069,0.172,0.484,Not Happy
712,3.462,0.777,0.396,0.501,0.082,0.494,0.151,Not Happy
713,3.462,0.689,0.382,0.539,0.088,0.376,0.144,Not Happy
714,3.462,0.619,0.378,0.44,0.013,0.331,0.141,Not Happy
715,6.298,1.291,1.076,0.875,0.397,0.081,0.254,Happy
716,6.379,1.397,0.926,0.796,0.324,0.066,0.255,Happy
717,6.422,1.434,1.385,0.794,0.361,0.258,0.064,Happy
718,6.441,1.365,1.436,0.857,0.418,0.151,0.078,Happy
719,6.446,1.368,1.43,0.914,0.351,0.242,0.097,Happy
720,4.786,0.39,0.856,0.574,0.472,0.151,0.23,Moderately Happy
721,4.996,0.488,0.756,0.531,0.434,0.135,0.26,Moderately Happy
722,5.041,0.525,1.271,0.529,0.472,0.249,0.146,Moderately Happy
723,5.199,0.474,1.166,0.598,0.292,0.187,0.034,Moderately Happy
724,5.467,0.493,1.098,0.718,0.389,0.23,0.144,Moderately Happy
725,3.781,0.285,1.003,0.382,0.329,0.057,0.344,Not Happy
726,3.666,0.472,0.776,0.357,0.318,0.051,0.315,Not Happy
727,3.349,0.511,1.042,0.365,0.39,0.354,0.066,Not Happy
728,3.303,0.455,0.991,0.381,0.481,0.27,0.097,Not Happy
729,3.231,0.476,0.885,0.499,0.417,0.276,0.147,Not Happy
730,6.455,0.967,1.265,0.739,0.557,0.032,0.576,Happy
731,6.474,1.089,1.045,0.649,0.496,0.028,0.587,Happy
732,6.424,1.128,1.426,0.647,0.58,0.572,0.032,Happy
733,6.072,1.016,1.417,0.707,0.637,0.364,0.029,Happy
734,6.008,1.05,1.409,0.828,0.557,0.359,0.028,Happy
735,2.839,0.209,0.14,0.284,0.365,0.107,0.167,Not Happy
736,3.303,0.281,0.0,0.248,0.347,0.116,0.175,Not Happy
737,3.495,0.305,0.432,0.247,0.38,0.197,0.096,Not Happy
738,3.999,0.259,0.474,0.253,0.434,0.158,0.101,Not Happy
739,4.085,0.275,0.572,0.41,0.293,0.177,0.085,Moderately Happy
740,6.168,1.212,1.184,0.615,0.559,0.011,0.318,Happy
741,6.168,1.326,0.986,0.526,0.485,0.012,0.319,Happy
742,6.168,1.361,1.38,0.52,0.519,0.325,0.009,Happy
743,6.192,1.223,1.492,0.564,0.575,0.171,0.019,Happy
744,6.192,1.231,1.477,0.713,0.489,0.185,0.016,Happy
745,4.739,0.881,0.604,0.738,0.263,0.064,0.064,Moderately Happy
746,5.045,0.977,0.432,0.596,0.236,0.082,0.039,Moderately Happy
747,4.805,1.007,0.868,0.613,0.29,0.05,0.087,Moderately Happy
748,4.592,0.9,0.906,0.69,0.271,0.04,0.063,Moderately Happy
749,4.461,0.921,1.0,0.815,0.167,0.059,0.055,Moderately Happy
750,5.332,1.061,0.946,0.732,0.228,0.157,0.123,Moderately Happy
751,5.389,1.165,0.877,0.647,0.239,0.123,0.047,Moderately Happy
752,5.5,1.198,1.338,0.638,0.301,0.047,0.1,Moderately Happy
753,5.483,1.148,1.38,0.686,0.324,0.106,0.109,Moderately Happy
754,5.373,1.183,1.36,0.808,0.195,0.083,0.106,Moderately Happy
755,5.548,0.958,1.227,0.539,0.476,0.308,0.17,Moderately Happy
756,5.658,1.08,1.038,0.44,0.374,0.285,0.226,Moderately Happy
757,5.822,1.131,1.493,0.438,0.418,0.25,0.259,Moderately Happy
758,5.636,1.016,1.533,0.517,0.417,0.199,0.037,Moderately Happy
759,5.247,1.052,1.538,0.657,0.394,0.244,0.028,Moderately Happy
760,3.931,0.211,1.133,0.339,0.457,0.073,0.291,Not Happy
761,3.739,0.347,0.91,0.196,0.437,0.064,0.271,Not Happy
762,4.081,0.381,1.13,0.218,0.443,0.326,0.057,Moderately Happy
763,4.161,0.322,1.09,0.237,0.45,0.259,0.061,Moderately Happy
764,4.189,0.332,1.069,0.443,0.356,0.252,0.06,Moderately Happy
765,4.681,0.799,1.203,0.674,0.251,0.03,0.153,Moderately Happy
766,4.324,0.873,1.014,0.586,0.129,0.018,0.204,Moderately Happy
767,4.096,0.895,1.395,0.576,0.123,0.27,0.023,Moderately Happy
768,4.103,0.793,1.413,0.609,0.163,0.187,0.011,Moderately Happy
769,4.332,0.82,1.39,0.739,0.178,0.187,0.01,Moderately Happy
770,6.901,1.427,1.126,0.809,0.642,0.386,0.264,Happy
771,6.573,1.574,0.871,0.73,0.562,0.356,0.266,Happy
772,6.648,1.626,1.266,0.727,0.608,0.361,0.324,Happy
773,6.774,2.096,0.776,0.67,0.284,0.186,0.127,Happy
774,6.825,1.503,1.31,0.825,0.598,0.262,0.182,Happy
775,6.867,1.266,1.285,0.909,0.596,0.321,0.519,Happy
776,6.725,1.403,1.087,0.81,0.5,0.274,0.502,Happy
777,6.714,1.442,1.496,0.805,0.508,0.493,0.265,Happy
778,7.19,1.244,1.433,0.888,0.464,0.262,0.082,Happy
779,7.054,1.333,1.538,0.996,0.45,0.348,0.278,Happy
780,7.119,1.395,1.247,0.862,0.546,0.159,0.401,Happy
781,7.104,1.508,1.048,0.779,0.482,0.149,0.411,Happy
782,6.993,1.546,1.42,0.774,0.506,0.393,0.136,Happy
783,6.886,1.398,1.471,0.819,0.547,0.291,0.133,Happy
784,6.892,1.433,1.457,0.874,0.454,0.28,0.128,Happy
785,6.485,1.062,1.209,0.812,0.604,0.246,0.232,Happy
786,6.545,1.182,1.031,0.722,0.544,0.214,0.181,Happy
787,6.454,1.218,1.412,0.719,0.579,0.175,0.178,Happy
788,6.379,1.093,1.459,0.771,0.625,0.13,0.155,Happy
789,6.293,1.124,1.465,0.891,0.523,0.127,0.15,Happy
790,6.003,0.632,1.34,0.598,0.658,0.308,0.228,Happy
791,5.987,0.736,1.168,0.502,0.608,0.283,0.343,Moderately Happy
792,5.971,0.786,1.549,0.498,0.658,0.416,0.247,Moderately Happy
793,6.096,0.719,1.584,0.605,0.724,0.328,0.259,Happy
794,6.174,0.745,1.529,0.756,0.631,0.322,0.24,Happy
795,6.81,1.044,1.256,0.721,0.429,0.111,0.058,Happy
796,6.084,1.134,1.033,0.619,0.198,0.083,0.043,Happy
797,5.25,1.128,1.431,0.617,0.154,0.065,0.064,Moderately Happy
798,4.806,0.996,1.469,0.657,0.133,0.056,0.052,Moderately Happy
799,4.707,0.96,1.427,0.805,0.154,0.064,0.047,Moderately Happy
800,5.36,0.632,0.912,0.747,0.594,0.104,0.169,Moderately Happy
801,5.061,0.74,0.791,0.662,0.56,0.116,0.251,Moderately Happy
802,5.074,0.789,1.277,0.652,0.571,0.235,0.088,Moderately Happy
803,5.103,0.715,1.365,0.702,0.618,0.177,0.079,Moderately Happy
804,5.175,0.741,1.346,0.851,0.543,0.147,0.073,Moderately Happy
805,4.077,0.546,0.681,0.401,0.356,0.079,0.091,Moderately Happy
806,3.724,0.579,0.475,0.31,0.229,0.059,0.098,Not Happy
807,3.593,0.592,0.935,0.31,0.249,0.104,0.057,Not Happy
808,3.355,0.442,1.073,0.343,0.244,0.083,0.064,Not Happy
809,3.38,0.287,1.163,0.463,0.143,0.108,0.077,Not Happy
810,5.129,0.47,0.916,0.299,0.488,0.125,0.196,Moderately Happy
811,4.795,0.612,0.638,0.236,0.427,0.115,0.179,Moderately Happy
812,4.514,0.636,1.003,0.258,0.462,0.25,0.078,Moderately Happy
813,4.377,0.562,1.047,0.295,0.503,0.221,0.082,Moderately Happy
814,4.107,0.578,1.058,0.426,0.431,0.247,0.087,Moderately Happy
815,4.61,0.271,1.033,0.335,0.259,0.081,0.19,Moderately Happy
816,4.193,0.35,0.715,0.16,0.254,0.086,0.185,Moderately Happy
817,3.875,0.376,1.083,0.197,0.336,0.189,0.095,Not Happy
818,3.692,0.357,1.094,0.248,0.406,0.132,0.099,Not Happy
819,3.663,0.366,1.114,0.433,0.361,0.151,0.089,Not Happy
